onset	duration	sample	trial_type	value
0	0.001	1	New Segment	n/a
0	0.001	1	Comment	Active Shielding: On
236.855	0.001	236856	Stimulus	S  5
237.46	0.001	237461	Stimulus	S  5
238.061	0.001	238062	Stimulus	S  5
238.666	0.001	238667	Stimulus	S  5
239.272	0.001	239273	Stimulus	S  5
239.884	0.001	239885	Stimulus	S  5
240.489	0.001	240490	Stimulus	S  5
241.102	0.001	241103	Stimulus	S  5
241.714	0.001	241715	Stimulus	S  5
242.321	0.001	242322	Stimulus	S  5
242.932	0.001	242933	Stimulus	S  5
243.542	0.001	243543	Stimulus	S  5
244.148	0.001	244149	Stimulus	S  5
244.76	0.001	244761	Stimulus	S  5
245.368	0.001	245369	Stimulus	S  5
245.976	0.001	245977	Stimulus	S  5
246.584	0.001	246585	Stimulus	S  5
247.19	0.001	247191	Stimulus	S  5
247.801	0.001	247802	Stimulus	S  5
248.413	0.001	248414	Stimulus	S  5
249.022	0.001	249023	Stimulus	S  5
249.634	0.001	249635	Stimulus	S  5
250.243	0.001	250244	Stimulus	S  5
250.855	0.001	250856	Stimulus	S  5
251.479	0.001	251480	Stimulus	S 25
254.279	0.001	254280	Stimulus	S 45
254.869	0.001	254870	Stimulus	S 65
255.519	0.001	255520	Stimulus	S 85
256.113	0.001	256114	Stimulus	S 85
256.765	0.001	256766	Stimulus	S 85
257.344	0.001	257345	Stimulus	S 85
257.961	0.001	257962	Stimulus	S 85
258.563	0.001	258564	Stimulus	S 85
259.23	0.001	259231	Stimulus	S 85
259.791	0.001	259792	Stimulus	S105
260.352	0.001	260353	Stimulus	S 85
260.974	0.001	260975	Stimulus	S 65
261.608	0.001	261609	Stimulus	S 85
262.197	0.001	262198	Stimulus	S 85
262.806	0.001	262807	Stimulus	S 85
263.353	0.001	263354	Stimulus	S 85
264.002	0.001	264003	Stimulus	S 65
264.605	0.001	264606	Stimulus	S105
265.217	0.001	265218	Stimulus	S 85
265.798	0.001	265799	Stimulus	S 85
266.408	0.001	266409	Stimulus	S 65
266.979	0.001	266980	Stimulus	S 85
267.583	0.001	267584	Stimulus	S 65
268.175	0.001	268176	Stimulus	S 85
268.835	0.001	268836	Stimulus	S 65
269.389	0.001	269390	Stimulus	S105
269.927	0.001	269928	Stimulus	S 65
270.52	0.001	270521	Stimulus	S 65
271.155	0.001	271156	Stimulus	S 85
271.715	0.001	271716	Stimulus	S 85
272.317	0.001	272318	Stimulus	S 65
272.872	0.001	272873	Stimulus	S 85
273.53	0.001	273531	Stimulus	S 65
274.1	0.001	274101	Stimulus	S105
274.663	0.001	274664	Stimulus	S 85
275.282	0.001	275283	Stimulus	S 65
275.948	0.001	275949	Stimulus	S 85
276.511	0.001	276512	Stimulus	S105
277.114	0.001	277115	Stimulus	S 85
277.683	0.001	277684	Stimulus	S 85
278.301	0.001	278302	Stimulus	S 65
278.87	0.001	278871	Stimulus	S 85
279.52	0.001	279521	Stimulus	S 65
280.108	0.001	280109	Stimulus	S105
280.724	0.001	280725	Stimulus	S 85
281.312	0.001	281313	Stimulus	S 85
281.939	0.001	281940	Stimulus	S 85
282.535	0.001	282536	Stimulus	S 85
283.152	0.001	283153	Stimulus	S 65
283.745	0.001	283746	Stimulus	S 85
284.355	0.001	284356	Stimulus	S 65
284.956	0.001	284957	Stimulus	S 85
285.613	0.001	285614	Stimulus	S 85
286.144	0.001	286145	Stimulus	S105
286.769	0.001	286770	Stimulus	S 65
287.375	0.001	287376	Stimulus	S 85
288.007	0.001	288008	Stimulus	S 85
288.6	0.001	288601	Stimulus	S105
289.22	0.001	289221	Stimulus	S 65
289.821	0.001	289822	Stimulus	S 85
290.464	0.001	290465	Stimulus	S 85
291.043	0.001	291044	Stimulus	S105
291.662	0.001	291663	Stimulus	S 65
292.271	0.001	292272	Stimulus	S 85
292.97	0.001	292971	Stimulus	S 85
293.437	0.001	293438	Stimulus	S105
294.037	0.001	294038	Stimulus	S 65
294.657	0.001	294658	Stimulus	S 85
295.325	0.001	295326	Stimulus	S105
295.92	0.001	295921	Stimulus	S105
296.498	0.001	296499	Stimulus	S 85
297.076	0.001	297077	Stimulus	S 65
370.008	0.001	370009	Stimulus	S 11
371.016	0.001	371017	Stimulus	S 11
372.021	0.001	372022	Stimulus	S 11
373.026	0.001	373027	Stimulus	S 11
374.034	0.001	374035	Stimulus	S 11
375.045	0.001	375046	Stimulus	S 11
376.051	0.001	376052	Stimulus	S 11
377.061	0.001	377062	Stimulus	S 11
378.069	0.001	378070	Stimulus	S 11
379.079	0.001	379080	Stimulus	S 11
380.088	0.001	380089	Stimulus	S 11
381.097	0.001	381098	Stimulus	S 11
382.107	0.001	382108	Stimulus	S 11
383.113	0.001	383114	Stimulus	S 11
384.123	0.001	384124	Stimulus	S 11
385.132	0.001	385133	Stimulus	S 11
386.137	0.001	386138	Stimulus	S 11
387.147	0.001	387148	Stimulus	S 11
388.155	0.001	388156	Stimulus	S 11
389.166	0.001	389167	Stimulus	S 11
390.172	0.001	390173	Stimulus	S 11
391.181	0.001	391182	Stimulus	S 11
392.189	0.001	392190	Stimulus	S 11
393.199	0.001	393200	Stimulus	S 11
394.203	0.001	394204	Stimulus	S 31
405.265	0.001	405266	Stimulus	S 71
406.211	0.001	406212	Stimulus	S111
407.11	0.001	407111	Stimulus	S 91
408	0.001	408001	Stimulus	S131
408.945	0.001	408946	Stimulus	S 71
409.877	0.001	409878	Stimulus	S 91
410.834	0.001	410835	Stimulus	S 91
411.916	0.001	411917	Stimulus	S131
413.014	0.001	413015	Stimulus	S 91
414.024	0.001	414025	Stimulus	S131
414.121	0.001	414122	Stimulus	S131
415.1	0.001	415101	Stimulus	S 71
416.078	0.001	416079	Stimulus	S 91
417.089	0.001	417090	Stimulus	S 91
418.053	0.001	418054	Stimulus	S131
419.12	0.001	419121	Stimulus	S131
421.202	0.001	421203	Stimulus	S111
422.111	0.001	422112	Stimulus	S111
423.105	0.001	423106	Stimulus	S 71
424.243	0.001	424244	Stimulus	S 91
425.437	0.001	425438	Stimulus	S111
426.402	0.001	426403	Stimulus	S111
427.406	0.001	427407	Stimulus	S 91
428.366	0.001	428367	Stimulus	S 91
429.334	0.001	429335	Stimulus	S 91
430.401	0.001	430402	Stimulus	S 91
431.419	0.001	431420	Stimulus	S111
432.429	0.001	432430	Stimulus	S 91
433.409	0.001	433410	Stimulus	S 91
434.435	0.001	434436	Stimulus	S 91
435.405	0.001	435406	Stimulus	S 91
436.464	0.001	436465	Stimulus	S 71
437.491	0.001	437492	Stimulus	S131
438.509	0.001	438510	Stimulus	S131
439.557	0.001	439558	Stimulus	S 91
440.623	0.001	440624	Stimulus	S111
441.592	0.001	441593	Stimulus	S111
442.673	0.001	442674	Stimulus	S131
443.684	0.001	443685	Stimulus	S111
444.676	0.001	444677	Stimulus	S 91
445.756	0.001	445757	Stimulus	S 91
446.717	0.001	446718	Stimulus	S111
447.768	0.001	447769	Stimulus	S 71
448.818	0.001	448819	Stimulus	S111
449.861	0.001	449862	Stimulus	S 91
451.073	0.001	451074	Stimulus	S131
452.034	0.001	452035	Stimulus	S111
452.971	0.001	452972	Stimulus	S 71
453.913	0.001	453914	Stimulus	S 71
454.88	0.001	454881	Stimulus	S 71
455.86	0.001	455861	Stimulus	S 91
456.847	0.001	456848	Stimulus	S 91
457.835	0.001	457836	Stimulus	S 91
458.867	0.001	458868	Stimulus	S 91
459.893	0.001	459894	Stimulus	S 91
460.886	0.001	460887	Stimulus	S 91
461.769	0.001	461770	Stimulus	S 71
462.834	0.001	462835	Stimulus	S 71
463.925	0.001	463926	Stimulus	S111
464.929	0.001	464930	Stimulus	S111
465.981	0.001	465982	Stimulus	S 91
466.999	0.001	467000	Stimulus	S111
468.043	0.001	468044	Stimulus	S 91
468.942	0.001	468943	Stimulus	S131
469.959	0.001	469960	Stimulus	S 71
470.936	0.001	470937	Stimulus	S 91
471.931	0.001	471932	Stimulus	S 71
472.989	0.001	472990	Stimulus	S 91
473.926	0.001	473927	Stimulus	S131
475.847	0.001	475848	Stimulus	S131
476.729	0.001	476730	Stimulus	S131
477.754	0.001	477755	Stimulus	S 71
539.983	0.001	539984	Stimulus	S  3
540.394	0.001	540395	Stimulus	S  3
540.8	0.001	540801	Stimulus	S  3
541.208	0.001	541209	Stimulus	S  3
541.618	0.001	541619	Stimulus	S  3
542.026	0.001	542027	Stimulus	S  3
542.437	0.001	542438	Stimulus	S  3
542.845	0.001	542846	Stimulus	S  3
543.255	0.001	543256	Stimulus	S  3
543.665	0.001	543666	Stimulus	S  3
544.074	0.001	544075	Stimulus	S  3
544.486	0.001	544487	Stimulus	S  3
544.887	0.001	544888	Stimulus	S  3
545.297	0.001	545298	Stimulus	S  3
545.706	0.001	545707	Stimulus	S  3
546.117	0.001	546118	Stimulus	S  3
546.525	0.001	546526	Stimulus	S  3
546.935	0.001	546936	Stimulus	S  3
547.345	0.001	547346	Stimulus	S  3
547.758	0.001	547759	Stimulus	S  3
548.163	0.001	548164	Stimulus	S  3
548.569	0.001	548570	Stimulus	S  3
548.976	0.001	548977	Stimulus	S  3
549.388	0.001	549389	Stimulus	S  3
549.793	0.001	549794	Stimulus	S 23
550.756	0.001	550757	Stimulus	S 83
551.198	0.001	551199	Stimulus	S103
551.578	0.001	551579	Stimulus	S 83
552.027	0.001	552028	Stimulus	S 83
552.46	0.001	552461	Stimulus	S 83
552.867	0.001	552868	Stimulus	S 83
553.294	0.001	553295	Stimulus	S 83
553.783	0.001	553784	Stimulus	S 83
554.172	0.001	554173	Stimulus	S103
554.622	0.001	554623	Stimulus	S 83
555.086	0.001	555087	Stimulus	S 83
555.481	0.001	555482	Stimulus	S103
555.93	0.001	555931	Stimulus	S 83
556.363	0.001	556364	Stimulus	S103
556.71	0.001	556711	Stimulus	S 83
557.129	0.001	557130	Stimulus	S 63
557.569	0.001	557570	Stimulus	S 83
557.972	0.001	557973	Stimulus	S 83
558.39	0.001	558391	Stimulus	S 83
558.865	0.001	558866	Stimulus	S123
559.177	0.001	559178	Stimulus	S123
559.626	0.001	559627	Stimulus	S123
560.107	0.001	560108	Stimulus	S103
560.494	0.001	560495	Stimulus	S103
560.944	0.001	560945	Stimulus	S 83
561.465	0.001	561466	Stimulus	S123
561.706	0.001	561707	Stimulus	S103
562.483	0.001	562484	Stimulus	S123
562.605	0.001	562606	Stimulus	S123
563.064	0.001	563065	Stimulus	S 63
563.532	0.001	563533	Stimulus	S 83
564.124	0.001	564125	Stimulus	S 83
565.141	0.001	565142	Stimulus	S103
565.718	0.001	565719	Stimulus	S103
566.282	0.001	566283	Stimulus	S103
566.724	0.001	566725	Stimulus	S103
567.175	0.001	567176	Stimulus	S 83
567.682	0.001	567683	Stimulus	S 83
568.116	0.001	568117	Stimulus	S103
568.546	0.001	568547	Stimulus	S 83
569.139	0.001	569140	Stimulus	S 83
569.532	0.001	569533	Stimulus	S103
569.958	0.001	569959	Stimulus	S 83
570.439	0.001	570440	Stimulus	S 83
570.832	0.001	570833	Stimulus	S103
571.272	0.001	571273	Stimulus	S 83
571.698	0.001	571699	Stimulus	S 83
572.125	0.001	572126	Stimulus	S 83
572.592	0.001	572593	Stimulus	S 83
573.074	0.001	573075	Stimulus	S103
573.54	0.001	573541	Stimulus	S103
573.926	0.001	573927	Stimulus	S 83
574.411	0.001	574412	Stimulus	S 83
574.912	0.001	574913	Stimulus	S103
575.33	0.001	575331	Stimulus	S103
575.821	0.001	575822	Stimulus	S 83
576.181	0.001	576182	Stimulus	S103
576.644	0.001	576645	Stimulus	S 83
577.126	0.001	577127	Stimulus	S103
577.575	0.001	577576	Stimulus	S103
578.078	0.001	578079	Stimulus	S 83
578.61	0.001	578611	Stimulus	S103
579.028	0.001	579029	Stimulus	S103
579.491	0.001	579492	Stimulus	S 83
579.916	0.001	579917	Stimulus	S 83
580.317	0.001	580318	Stimulus	S 83
580.704	0.001	580705	Stimulus	S 83
581.219	0.001	581220	Stimulus	S 83
581.663	0.001	581664	Stimulus	S103
582.074	0.001	582075	Stimulus	S 83
582.515	0.001	582516	Stimulus	S 83
582.928	0.001	582929	Stimulus	S103
587.734	0.001	587735	Stimulus	S  7
588.343	0.001	588344	Stimulus	S  7
588.946	0.001	588947	Stimulus	S  7
589.555	0.001	589556	Stimulus	S  7
590.165	0.001	590166	Stimulus	S  7
590.771	0.001	590772	Stimulus	S  7
591.379	0.001	591380	Stimulus	S  7
591.989	0.001	591990	Stimulus	S  7
592.596	0.001	592597	Stimulus	S  7
593.207	0.001	593208	Stimulus	S  7
593.817	0.001	593818	Stimulus	S  7
594.426	0.001	594427	Stimulus	S  7
595.034	0.001	595035	Stimulus	S  7
595.639	0.001	595640	Stimulus	S  7
596.249	0.001	596250	Stimulus	S  7
596.857	0.001	596858	Stimulus	S  7
597.465	0.001	597466	Stimulus	S  7
598.074	0.001	598075	Stimulus	S  7
598.684	0.001	598685	Stimulus	S  7
599.292	0.001	599293	Stimulus	S  7
599.9	0.001	599901	Stimulus	S  7
600.507	0.001	600508	Stimulus	S  7
601.115	0.001	601116	Stimulus	S  7
601.721	0.001	601722	Stimulus	S  7
602.327	0.001	602328	Stimulus	S 27
604.227	0.001	604228	Stimulus	S 87
604.808	0.001	604809	Stimulus	S 67
605.403	0.001	605404	Stimulus	S 87
605.903	0.001	605904	Stimulus	S 87
606.529	0.001	606530	Stimulus	S 67
607.107	0.001	607108	Stimulus	S 87
607.67	0.001	607671	Stimulus	S 87
608.298	0.001	608299	Stimulus	S 87
608.883	0.001	608884	Stimulus	S 87
609.422	0.001	609423	Stimulus	S 87
610.031	0.001	610032	Stimulus	S 67
610.603	0.001	610604	Stimulus	S 87
611.164	0.001	611165	Stimulus	S 87
611.774	0.001	611775	Stimulus	S127
612.406	0.001	612407	Stimulus	S 87
612.999	0.001	613000	Stimulus	S 87
613.603	0.001	613604	Stimulus	S 87
614.157	0.001	614158	Stimulus	S 87
614.688	0.001	614689	Stimulus	S 67
615.296	0.001	615297	Stimulus	S 67
615.898	0.001	615899	Stimulus	S 87
616.484	0.001	616485	Stimulus	S 87
617.063	0.001	617064	Stimulus	S 67
617.651	0.001	617652	Stimulus	S 67
618.224	0.001	618225	Stimulus	S 87
618.817	0.001	618818	Stimulus	S 67
619.422	0.001	619423	Stimulus	S 87
620	0.001	620001	Stimulus	S 87
620.596	0.001	620597	Stimulus	S 67
621.229	0.001	621230	Stimulus	S 87
621.856	0.001	621857	Stimulus	S107
622.427	0.001	622428	Stimulus	S 87
623.022	0.001	623023	Stimulus	S 67
623.588	0.001	623589	Stimulus	S 87
624.175	0.001	624176	Stimulus	S 67
624.809	0.001	624810	Stimulus	S 67
625.412	0.001	625413	Stimulus	S 87
626.029	0.001	626030	Stimulus	S 87
626.702	0.001	626703	Stimulus	S 87
627.292	0.001	627293	Stimulus	S107
627.918	0.001	627919	Stimulus	S 67
628.544	0.001	628545	Stimulus	S 87
629.093	0.001	629094	Stimulus	S107
629.688	0.001	629689	Stimulus	S 67
630.269	0.001	630270	Stimulus	S 87
630.824	0.001	630825	Stimulus	S 67
631.402	0.001	631403	Stimulus	S 67
631.956	0.001	631957	Stimulus	S 87
632.567	0.001	632568	Stimulus	S 67
633.232	0.001	633233	Stimulus	S 87
633.857	0.001	633858	Stimulus	S107
634.466	0.001	634467	Stimulus	S 87
634.972	0.001	634973	Stimulus	S 87
635.577	0.001	635578	Stimulus	S 67
636.115	0.001	636116	Stimulus	S 87
636.718	0.001	636719	Stimulus	S 67
637.268	0.001	637269	Stimulus	S 87
637.853	0.001	637854	Stimulus	S 67
638.487	0.001	638488	Stimulus	S 87
639.043	0.001	639044	Stimulus	S107
639.606	0.001	639607	Stimulus	S 67
640.215	0.001	640216	Stimulus	S 67
640.787	0.001	640788	Stimulus	S 87
641.333	0.001	641334	Stimulus	S 87
641.919	0.001	641920	Stimulus	S 67
642.514	0.001	642515	Stimulus	S 87
643.053	0.001	643054	Stimulus	S 87
643.695	0.001	643696	Stimulus	S 67
644.296	0.001	644297	Stimulus	S107
644.866	0.001	644867	Stimulus	S 87
645.472	0.001	645473	Stimulus	S 67
646.083	0.001	646084	Stimulus	S 87
650.84	0.001	650841	Stimulus	S  9
651.847	0.001	651848	Stimulus	S  9
652.856	0.001	652857	Stimulus	S  9
653.863	0.001	653864	Stimulus	S  9
654.87	0.001	654871	Stimulus	S  9
655.875	0.001	655876	Stimulus	S  9
656.881	0.001	656882	Stimulus	S  9
657.893	0.001	657894	Stimulus	S  9
658.905	0.001	658906	Stimulus	S  9
659.914	0.001	659915	Stimulus	S  9
660.919	0.001	660920	Stimulus	S  9
661.925	0.001	661926	Stimulus	S  9
662.935	0.001	662936	Stimulus	S  9
663.947	0.001	663948	Stimulus	S  9
664.957	0.001	664958	Stimulus	S  9
665.968	0.001	665969	Stimulus	S  9
666.978	0.001	666979	Stimulus	S  9
667.983	0.001	667984	Stimulus	S  9
668.99	0.001	668991	Stimulus	S  9
669.998	0.001	669999	Stimulus	S  9
671.01	0.001	671011	Stimulus	S  9
672.016	0.001	672017	Stimulus	S  9
673.027	0.001	673028	Stimulus	S  9
674.031	0.001	674032	Stimulus	S  9
675.036	0.001	675037	Stimulus	S 29
675.702	0.001	675703	Stimulus	S 89
676.594	0.001	676595	Stimulus	S 69
677.517	0.001	677518	Stimulus	S 69
678.437	0.001	678438	Stimulus	S 89
679.496	0.001	679497	Stimulus	S 89
680.481	0.001	680482	Stimulus	S 89
681.437	0.001	681438	Stimulus	S 89
682.367	0.001	682368	Stimulus	S 89
683.394	0.001	683395	Stimulus	S 69
684.333	0.001	684334	Stimulus	S 89
685.285	0.001	685286	Stimulus	S 89
686.254	0.001	686255	Stimulus	S 89
687.193	0.001	687194	Stimulus	S 89
688.145	0.001	688146	Stimulus	S 69
689.051	0.001	689052	Stimulus	S 69
690.103	0.001	690104	Stimulus	S 69
691.242	0.001	691243	Stimulus	S 89
692.261	0.001	692262	Stimulus	S109
693.231	0.001	693232	Stimulus	S 89
694.13	0.001	694131	Stimulus	S 89
695.115	0.001	695116	Stimulus	S 69
696.1	0.001	696101	Stimulus	S 89
697.015	0.001	697016	Stimulus	S 89
698.002	0.001	698003	Stimulus	S 69
698.955	0.001	698956	Stimulus	S 89
699.98	0.001	699981	Stimulus	S 69
700.991	0.001	700992	Stimulus	S 89
701.993	0.001	701994	Stimulus	S 89
702.955	0.001	702956	Stimulus	S 89
703.949	0.001	703950	Stimulus	S 69
704.95	0.001	704951	Stimulus	S 89
706.058	0.001	706059	Stimulus	S 89
707.082	0.001	707083	Stimulus	S109
708.099	0.001	708100	Stimulus	S 89
709.069	0.001	709070	Stimulus	S 89
710.029	0.001	710030	Stimulus	S 69
711.078	0.001	711079	Stimulus	S 69
712.169	0.001	712170	Stimulus	S109
713.164	0.001	713165	Stimulus	S109
714.214	0.001	714215	Stimulus	S 89
715.186	0.001	715187	Stimulus	S109
716.06	0.001	716061	Stimulus	S 89
716.91	0.001	716911	Stimulus	S 69
717.872	0.001	717873	Stimulus	S 69
718.867	0.001	718868	Stimulus	S 89
719.965	0.001	719966	Stimulus	S 89
720.888	0.001	720889	Stimulus	S109
721.834	0.001	721835	Stimulus	S 69
722.764	0.001	722765	Stimulus	S 69
723.895	0.001	723896	Stimulus	S 69
724.906	0.001	724907	Stimulus	S109
725.885	0.001	725886	Stimulus	S 89
726.855	0.001	726856	Stimulus	S 89
727.793	0.001	727794	Stimulus	S 89
728.698	0.001	728699	Stimulus	S 69
729.683	0.001	729684	Stimulus	S 69
730.686	0.001	730687	Stimulus	S 89
731.695	0.001	731696	Stimulus	S 89
732.619	0.001	732620	Stimulus	S 89
733.573	0.001	733574	Stimulus	S 69
734.479	0.001	734480	Stimulus	S 69
735.609	0.001	735610	Stimulus	S 69
736.643	0.001	736644	Stimulus	S109
737.622	0.001	737623	Stimulus	S 89
738.609	0.001	738610	Stimulus	S 89
739.636	0.001	739637	Stimulus	S 89
740.524	0.001	740525	Stimulus	S 89
741.558	0.001	741559	Stimulus	S 69
742.527	0.001	742528	Stimulus	S 89
743.594	0.001	743595	Stimulus	S 89
744.508	0.001	744509	Stimulus	S109
745.533	0.001	745534	Stimulus	S 69
749.434	0.001	749435	Stimulus	S  4
749.842	0.001	749843	Stimulus	S  4
750.253	0.001	750254	Stimulus	S  4
750.66	0.001	750661	Stimulus	S  4
751.068	0.001	751069	Stimulus	S  4
751.478	0.001	751479	Stimulus	S  4
751.881	0.001	751882	Stimulus	S  4
752.292	0.001	752293	Stimulus	S  4
752.703	0.001	752704	Stimulus	S  4
753.113	0.001	753114	Stimulus	S  4
753.52	0.001	753521	Stimulus	S  4
753.928	0.001	753929	Stimulus	S  4
754.336	0.001	754337	Stimulus	S  4
754.745	0.001	754746	Stimulus	S  4
755.155	0.001	755156	Stimulus	S  4
755.565	0.001	755566	Stimulus	S  4
755.973	0.001	755974	Stimulus	S  4
756.38	0.001	756381	Stimulus	S  4
756.786	0.001	756787	Stimulus	S  4
757.197	0.001	757198	Stimulus	S  4
757.603	0.001	757604	Stimulus	S  4
758.013	0.001	758014	Stimulus	S  4
758.418	0.001	758419	Stimulus	S  4
758.829	0.001	758830	Stimulus	S  4
759.237	0.001	759238	Stimulus	S 24
759.966	0.001	759967	Stimulus	S 84
760.385	0.001	760386	Stimulus	S104
760.829	0.001	760830	Stimulus	S 84
761.273	0.001	761274	Stimulus	S 84
761.683	0.001	761684	Stimulus	S 84
762.125	0.001	762126	Stimulus	S 84
762.552	0.001	762553	Stimulus	S124
763.042	0.001	763043	Stimulus	S 84
763.42	0.001	763421	Stimulus	S104
763.917	0.001	763918	Stimulus	S 84
764.416	0.001	764417	Stimulus	S104
764.841	0.001	764842	Stimulus	S104
765.244	0.001	765245	Stimulus	S 84
765.704	0.001	765705	Stimulus	S 84
766.138	0.001	766139	Stimulus	S104
766.54	0.001	766541	Stimulus	S 84
767.006	0.001	767007	Stimulus	S 84
767.431	0.001	767432	Stimulus	S104
767.856	0.001	767857	Stimulus	S 84
768.338	0.001	768339	Stimulus	S 84
768.71	0.001	768711	Stimulus	S104
769.136	0.001	769137	Stimulus	S 84
769.569	0.001	769570	Stimulus	S 84
769.997	0.001	769998	Stimulus	S104
770.415	0.001	770416	Stimulus	S 84
770.866	0.001	770867	Stimulus	S 84
771.317	0.001	771318	Stimulus	S104
771.798	0.001	771799	Stimulus	S104
772.208	0.001	772209	Stimulus	S104
772.666	0.001	772667	Stimulus	S 84
773.227	0.001	773228	Stimulus	S104
773.676	0.001	773677	Stimulus	S104
774.109	0.001	774110	Stimulus	S 84
774.486	0.001	774487	Stimulus	S 84
774.967	0.001	774968	Stimulus	S 64
775.378	0.001	775379	Stimulus	S104
775.773	0.001	775774	Stimulus	S 84
776.2	0.001	776201	Stimulus	S 84
776.584	0.001	776585	Stimulus	S 84
776.988	0.001	776989	Stimulus	S 64
777.414	0.001	777415	Stimulus	S 84
777.817	0.001	777818	Stimulus	S 84
778.226	0.001	778227	Stimulus	S 84
778.619	0.001	778620	Stimulus	S104
779.085	0.001	779086	Stimulus	S 64
779.52	0.001	779521	Stimulus	S104
779.928	0.001	779929	Stimulus	S 84
780.348	0.001	780349	Stimulus	S 84
780.784	0.001	780785	Stimulus	S104
781.213	0.001	781214	Stimulus	S104
781.607	0.001	781608	Stimulus	S 84
782.025	0.001	782026	Stimulus	S 84
782.388	0.001	782389	Stimulus	S 84
782.877	0.001	782878	Stimulus	S 64
783.304	0.001	783305	Stimulus	S104
783.714	0.001	783715	Stimulus	S 84
784.14	0.001	784141	Stimulus	S 84
784.573	0.001	784574	Stimulus	S104
785.056	0.001	785057	Stimulus	S104
785.465	0.001	785466	Stimulus	S104
785.876	0.001	785877	Stimulus	S 84
786.327	0.001	786328	Stimulus	S 84
786.768	0.001	786769	Stimulus	S104
787.203	0.001	787204	Stimulus	S104
787.654	0.001	787655	Stimulus	S 84
788.098	0.001	788099	Stimulus	S104
788.5	0.001	788501	Stimulus	S104
789.044	0.001	789045	Stimulus	S 84
789.471	0.001	789472	Stimulus	S104
789.92	0.001	789921	Stimulus	S 84
790.402	0.001	790403	Stimulus	S104
790.811	0.001	790812	Stimulus	S104
793.527	0.001	793528	Stimulus	S  8
794.136	0.001	794137	Stimulus	S  8
794.745	0.001	794746	Stimulus	S  8
795.353	0.001	795354	Stimulus	S  8
795.96	0.001	795961	Stimulus	S  8
796.567	0.001	796568	Stimulus	S  8
797.171	0.001	797172	Stimulus	S  8
797.776	0.001	797777	Stimulus	S  8
798.385	0.001	798386	Stimulus	S  8
798.995	0.001	798996	Stimulus	S  8
799.607	0.001	799608	Stimulus	S  8
800.211	0.001	800212	Stimulus	S  8
800.819	0.001	800820	Stimulus	S  8
801.426	0.001	801427	Stimulus	S  8
802.036	0.001	802037	Stimulus	S  8
802.641	0.001	802642	Stimulus	S  8
803.247	0.001	803248	Stimulus	S  8
803.853	0.001	803854	Stimulus	S  8
804.461	0.001	804462	Stimulus	S  8
805.067	0.001	805068	Stimulus	S  8
805.677	0.001	805678	Stimulus	S  8
806.287	0.001	806288	Stimulus	S  8
806.895	0.001	806896	Stimulus	S  8
807.503	0.001	807504	Stimulus	S  8
808.107	0.001	808108	Stimulus	S 28
808.234	0.001	808235	Stimulus	S 88
808.782	0.001	808783	Stimulus	S 68
809.385	0.001	809386	Stimulus	S 88
809.988	0.001	809989	Stimulus	S 88
810.55	0.001	810551	Stimulus	S 88
811.168	0.001	811169	Stimulus	S 88
811.746	0.001	811747	Stimulus	S 88
812.316	0.001	812317	Stimulus	S 88
812.909	0.001	812910	Stimulus	S 88
813.47	0.001	813471	Stimulus	S 88
814.047	0.001	814048	Stimulus	S 68
814.591	0.001	814592	Stimulus	S 88
815.193	0.001	815194	Stimulus	S 68
815.817	0.001	815818	Stimulus	S 88
816.402	0.001	816403	Stimulus	S 88
816.956	0.001	816957	Stimulus	S 68
817.586	0.001	817587	Stimulus	S 68
818.156	0.001	818157	Stimulus	S 88
818.765	0.001	818766	Stimulus	S 68
819.334	0.001	819335	Stimulus	S 88
819.96	0.001	819961	Stimulus	S 68
820.61	0.001	820611	Stimulus	S 88
821.164	0.001	821165	Stimulus	S108
821.773	0.001	821774	Stimulus	S 68
822.376	0.001	822377	Stimulus	S 88
822.994	0.001	822995	Stimulus	S 88
823.564	0.001	823565	Stimulus	S 88
824.119	0.001	824120	Stimulus	S 68
824.647	0.001	824648	Stimulus	S 68
825.224	0.001	825225	Stimulus	S 68
825.769	0.001	825770	Stimulus	S 88
826.348	0.001	826349	Stimulus	S 68
826.974	0.001	826975	Stimulus	S 88
827.489	0.001	827490	Stimulus	S 88
828.082	0.001	828083	Stimulus	S 68
829.404	0.001	829405	Stimulus	S 88
830.351	0.001	830352	Stimulus	S128
830.912	0.001	830913	Stimulus	S108
831.489	0.001	831490	Stimulus	S 88
832.115	0.001	832116	Stimulus	S128
832.661	0.001	832662	Stimulus	S 88
833.222	0.001	833223	Stimulus	S 68
833.727	0.001	833728	Stimulus	S 68
834.346	0.001	834347	Stimulus	S 68
834.883	0.001	834884	Stimulus	S 88
835.429	0.001	835430	Stimulus	S 68
835.984	0.001	835985	Stimulus	S 68
836.5	0.001	836501	Stimulus	S 88
837.055	0.001	837056	Stimulus	S 68
837.618	0.001	837619	Stimulus	S 88
838.222	0.001	838223	Stimulus	S 88
838.777	0.001	838778	Stimulus	S 88
839.348	0.001	839349	Stimulus	S 68
839.927	0.001	839928	Stimulus	S 88
840.459	0.001	840460	Stimulus	S 88
841.029	0.001	841030	Stimulus	S 68
841.638	0.001	841639	Stimulus	S 68
842.225	0.001	842226	Stimulus	S 88
842.818	0.001	842819	Stimulus	S 88
843.366	0.001	843367	Stimulus	S 88
843.905	0.001	843906	Stimulus	S 68
844.459	0.001	844460	Stimulus	S 68
845.062	0.001	845063	Stimulus	S 68
845.575	0.001	845576	Stimulus	S 88
846.122	0.001	846123	Stimulus	S 68
847.244	0.001	847245	Stimulus	S 68
847.831	0.001	847832	Stimulus	S108
848.407	0.001	848408	Stimulus	S 88
849	0.001	849001	Stimulus	S 88
849.562	0.001	849563	Stimulus	S 88
850.134	0.001	850135	Stimulus	S 68
850.697	0.001	850698	Stimulus	S 88
853.925	0.001	853926	Stimulus	S 12
854.928	0.001	854929	Stimulus	S 12
855.934	0.001	855935	Stimulus	S 12
856.945	0.001	856946	Stimulus	S 12
857.954	0.001	857955	Stimulus	S 12
858.963	0.001	858964	Stimulus	S 12
859.974	0.001	859975	Stimulus	S 12
860.984	0.001	860985	Stimulus	S 12
861.991	0.001	861992	Stimulus	S 12
863.001	0.001	863002	Stimulus	S 12
864.009	0.001	864010	Stimulus	S 12
865.02	0.001	865021	Stimulus	S 12
866.03	0.001	866031	Stimulus	S 12
867.038	0.001	867039	Stimulus	S 12
868.048	0.001	868049	Stimulus	S 12
869.056	0.001	869057	Stimulus	S 12
870.065	0.001	870066	Stimulus	S 12
871.07	0.001	871071	Stimulus	S 12
872.076	0.001	872077	Stimulus	S 12
873.083	0.001	873084	Stimulus	S 12
874.089	0.001	874090	Stimulus	S 12
875.096	0.001	875097	Stimulus	S 12
876.106	0.001	876107	Stimulus	S 12
877.114	0.001	877115	Stimulus	S 12
878.122	0.001	878123	Stimulus	S 32
878.563	0.001	878564	Stimulus	S 72
879.51	0.001	879511	Stimulus	S 72
880.587	0.001	880588	Stimulus	S 92
882.1	0.001	882101	Stimulus	S 92
882.886	0.001	882887	Stimulus	S112
883.856	0.001	883857	Stimulus	S 72
884.858	0.001	884859	Stimulus	S 92
885.85	0.001	885851	Stimulus	S 92
886.892	0.001	886893	Stimulus	S 92
887.855	0.001	887856	Stimulus	S 92
888.849	0.001	888850	Stimulus	S 92
889.811	0.001	889812	Stimulus	S 92
890.813	0.001	890814	Stimulus	S 92
891.847	0.001	891848	Stimulus	S 92
892.833	0.001	892834	Stimulus	S 92
893.817	0.001	893818	Stimulus	S 72
894.803	0.001	894804	Stimulus	S 92
895.843	0.001	895844	Stimulus	S 72
896.844	0.001	896845	Stimulus	S112
897.809	0.001	897810	Stimulus	S 92
898.842	0.001	898843	Stimulus	S 72
899.795	0.001	899796	Stimulus	S 92
900.806	0.001	900807	Stimulus	S 72
901.904	0.001	901905	Stimulus	S 92
902.874	0.001	902875	Stimulus	S112
903.844	0.001	903845	Stimulus	S132
904.815	0.001	904816	Stimulus	S 72
905.763	0.001	905764	Stimulus	S 92
906.669	0.001	906670	Stimulus	S 72
907.683	0.001	907684	Stimulus	S 72
908.695	0.001	908696	Stimulus	S 92
909.642	0.001	909643	Stimulus	S 92
910.682	0.001	910683	Stimulus	S 72
911.549	0.001	911550	Stimulus	S 92
912.48	0.001	912481	Stimulus	S 72
913.409	0.001	913410	Stimulus	S 72
914.441	0.001	914442	Stimulus	S 72
915.501	0.001	915502	Stimulus	S132
915.605	0.001	915606	Stimulus	S112
916.445	0.001	916446	Stimulus	S132
917.496	0.001	917497	Stimulus	S132
918.635	0.001	918636	Stimulus	S 92
919.478	0.001	919479	Stimulus	S112
920.442	0.001	920443	Stimulus	S 72
921.366	0.001	921367	Stimulus	S 92
922.254	0.001	922255	Stimulus	S132
923.168	0.001	923169	Stimulus	S 72
924.161	0.001	924162	Stimulus	S 92
925.099	0.001	925100	Stimulus	S 92
925.979	0.001	925980	Stimulus	S 92
926.907	0.001	926908	Stimulus	S 72
927.82	0.001	927821	Stimulus	S 92
928.804	0.001	928805	Stimulus	S 72
929.727	0.001	929728	Stimulus	S 92
930.648	0.001	930649	Stimulus	S 72
931.585	0.001	931586	Stimulus	S 72
932.606	0.001	932607	Stimulus	S 92
933.592	0.001	933593	Stimulus	S 92
934.544	0.001	934545	Stimulus	S 92
935.554	0.001	935555	Stimulus	S 92
936.55	0.001	936551	Stimulus	S 92
937.447	0.001	937448	Stimulus	S 92
938.36	0.001	938361	Stimulus	S 72
939.345	0.001	939346	Stimulus	S 72
940.316	0.001	940317	Stimulus	S 92
941.356	0.001	941357	Stimulus	S 92
942.36	0.001	942361	Stimulus	S112
943.369	0.001	943370	Stimulus	S 92
944.395	0.001	944396	Stimulus	S 92
945.333	0.001	945334	Stimulus	S 92
946.287	0.001	946288	Stimulus	S 72
947.194	0.001	947195	Stimulus	S 72
951.28	0.001	951281	Stimulus	S  1
951.686	0.001	951687	Stimulus	S  1
952.087	0.001	952088	Stimulus	S  1
952.497	0.001	952498	Stimulus	S  1
952.907	0.001	952908	Stimulus	S  1
953.317	0.001	953318	Stimulus	S  1
953.727	0.001	953728	Stimulus	S  1
954.132	0.001	954133	Stimulus	S  1
954.542	0.001	954543	Stimulus	S  1
954.949	0.001	954950	Stimulus	S  1
955.357	0.001	955358	Stimulus	S  1
955.77	0.001	955771	Stimulus	S  1
956.171	0.001	956172	Stimulus	S  1
956.576	0.001	956577	Stimulus	S  1
956.988	0.001	956989	Stimulus	S  1
957.398	0.001	957399	Stimulus	S  1
957.808	0.001	957809	Stimulus	S  1
958.22	0.001	958221	Stimulus	S  1
958.628	0.001	958629	Stimulus	S  1
959.035	0.001	959036	Stimulus	S  1
959.44	0.001	959441	Stimulus	S  1
959.85	0.001	959851	Stimulus	S  1
960.258	0.001	960259	Stimulus	S  1
960.669	0.001	960670	Stimulus	S  1
961.066	0.001	961067	Stimulus	S 21
961.535	0.001	961536	Stimulus	S 61
962.005	0.001	962006	Stimulus	S101
962.47	0.001	962471	Stimulus	S 81
962.974	0.001	962975	Stimulus	S 81
963.433	0.001	963434	Stimulus	S101
963.873	0.001	963874	Stimulus	S 81
964.316	0.001	964317	Stimulus	S 81
964.749	0.001	964750	Stimulus	S 81
965.224	0.001	965225	Stimulus	S 81
965.649	0.001	965650	Stimulus	S101
966.09	0.001	966091	Stimulus	S 81
966.506	0.001	966507	Stimulus	S 81
966.995	0.001	966996	Stimulus	S 81
967.436	0.001	967437	Stimulus	S101
967.862	0.001	967863	Stimulus	S 81
968.303	0.001	968304	Stimulus	S 81
968.776	0.001	968777	Stimulus	S101
969.193	0.001	969194	Stimulus	S101
969.609	0.001	969610	Stimulus	S 81
970.033	0.001	970034	Stimulus	S 81
970.491	0.001	970492	Stimulus	S 81
970.95	0.001	970951	Stimulus	S101
971.368	0.001	971369	Stimulus	S101
971.808	0.001	971809	Stimulus	S 81
972.273	0.001	972274	Stimulus	S101
972.698	0.001	972699	Stimulus	S101
973.07	0.001	973071	Stimulus	S 81
973.515	0.001	973516	Stimulus	S 81
973.91	0.001	973911	Stimulus	S101
974.314	0.001	974315	Stimulus	S 81
974.699	0.001	974700	Stimulus	S 81
975.1	0.001	975101	Stimulus	S 61
975.55	0.001	975551	Stimulus	S 81
975.904	0.001	975905	Stimulus	S101
976.298	0.001	976299	Stimulus	S 61
976.724	0.001	976725	Stimulus	S 81
977.159	0.001	977160	Stimulus	S 81
977.537	0.001	977538	Stimulus	S101
977.964	0.001	977965	Stimulus	S 61
978.397	0.001	978398	Stimulus	S 81
978.826	0.001	978827	Stimulus	S 81
979.197	0.001	979198	Stimulus	S101
979.625	0.001	979626	Stimulus	S 61
980.058	0.001	980059	Stimulus	S 81
980.548	0.001	980549	Stimulus	S 81
980.966	0.001	980967	Stimulus	S101
981.345	0.001	981346	Stimulus	S 81
981.794	0.001	981795	Stimulus	S 61
982.196	0.001	982197	Stimulus	S101
982.545	0.001	982546	Stimulus	S 81
982.916	0.001	982917	Stimulus	S 61
983.295	0.001	983296	Stimulus	S 81
983.689	0.001	983690	Stimulus	S 81
984.034	0.001	984035	Stimulus	S 81
984.373	0.001	984374	Stimulus	S 61
984.734	0.001	984735	Stimulus	S 61
985.119	0.001	985120	Stimulus	S 61
985.44	0.001	985441	Stimulus	S 81
985.8	0.001	985801	Stimulus	S 61
986.193	0.001	986194	Stimulus	S 61
986.618	0.001	986619	Stimulus	S 81
986.95	0.001	986951	Stimulus	S 81
987.342	0.001	987343	Stimulus	S 61
987.783	0.001	987784	Stimulus	S 81
988.187	0.001	988188	Stimulus	S101
988.503	0.001	988504	Stimulus	S 81
988.921	0.001	988922	Stimulus	S 61
989.316	0.001	989317	Stimulus	S 81
989.71	0.001	989711	Stimulus	S 81
990.094	0.001	990095	Stimulus	S 81
990.47	0.001	990471	Stimulus	S 61
990.879	0.001	990880	Stimulus	S 61
993.829	0.001	993830	Stimulus	S 10
994.833	0.001	994834	Stimulus	S 10
995.835	0.001	995836	Stimulus	S 10
996.845	0.001	996846	Stimulus	S 10
997.855	0.001	997856	Stimulus	S 10
998.864	0.001	998865	Stimulus	S 10
999.873	0.001	999874	Stimulus	S 10
1000.883	0.001	1000884	Stimulus	S 10
1001.893	0.001	1001894	Stimulus	S 10
1002.903	0.001	1002904	Stimulus	S 10
1003.911	0.001	1003912	Stimulus	S 10
1004.921	0.001	1004922	Stimulus	S 10
1005.929	0.001	1005930	Stimulus	S 10
1006.937	0.001	1006938	Stimulus	S 10
1007.945	0.001	1007946	Stimulus	S 10
1008.954	0.001	1008955	Stimulus	S 10
1009.963	0.001	1009964	Stimulus	S 10
1010.975	0.001	1010976	Stimulus	S 10
1011.981	0.001	1011982	Stimulus	S 10
1012.988	0.001	1012989	Stimulus	S 10
1014	0.001	1014001	Stimulus	S 10
1015.012	0.001	1015013	Stimulus	S 10
1016.022	0.001	1016023	Stimulus	S 10
1017.031	0.001	1017032	Stimulus	S 10
1018.037	0.001	1018038	Stimulus	S 30
1018.46	0.001	1018461	Stimulus	S 90
1019.371	0.001	1019372	Stimulus	S 70
1020.269	0.001	1020270	Stimulus	S 90
1021.249	0.001	1021250	Stimulus	S 70
1022.258	0.001	1022259	Stimulus	S 90
1023.228	0.001	1023229	Stimulus	S 90
1024.193	0.001	1024194	Stimulus	S 90
1025.173	0.001	1025174	Stimulus	S 90
1026.174	0.001	1026175	Stimulus	S 90
1027.128	0.001	1027129	Stimulus	S 90
1028.095	0.001	1028096	Stimulus	S 70
1028.968	0.001	1028969	Stimulus	S 90
1029.938	0.001	1029939	Stimulus	S 70
1031.054	0.001	1031055	Stimulus	S 90
1032	0.001	1032001	Stimulus	S110
1032.913	0.001	1032914	Stimulus	S 70
1033.922	0.001	1033923	Stimulus	S 70
1034.858	0.001	1034859	Stimulus	S 90
1035.844	0.001	1035845	Stimulus	S 70
1036.815	0.001	1036816	Stimulus	S 90
1037.937	0.001	1037938	Stimulus	S 90
1038.842	0.001	1038843	Stimulus	S110
1039.884	0.001	1039885	Stimulus	S 70
1040.848	0.001	1040849	Stimulus	S 90
1041.883	0.001	1041884	Stimulus	S 90
1042.727	0.001	1042728	Stimulus	S 90
1043.794	0.001	1043795	Stimulus	S 70
1044.779	0.001	1044780	Stimulus	S 90
1045.734	0.001	1045735	Stimulus	S 90
1046.664	0.001	1046665	Stimulus	S 70
1047.818	0.001	1047819	Stimulus	S 70
1048.773	0.001	1048774	Stimulus	S110
1049.693	0.001	1049694	Stimulus	S 90
1050.629	0.001	1050630	Stimulus	S 70
1051.568	0.001	1051569	Stimulus	S 70
1052.673	0.001	1052674	Stimulus	S 90
1053.629	0.001	1053630	Stimulus	S110
1054.496	0.001	1054497	Stimulus	S 90
1055.462	0.001	1055463	Stimulus	S 70
1056.359	0.001	1056360	Stimulus	S 90
1057.384	0.001	1057385	Stimulus	S 70
1058.32	0.001	1058321	Stimulus	S 90
1059.257	0.001	1059258	Stimulus	S 90
1060.195	0.001	1060196	Stimulus	S 70
1061.174	0.001	1061175	Stimulus	S 90
1062.086	0.001	1062087	Stimulus	S 90
1063	0.001	1063001	Stimulus	S 70
1063.905	0.001	1063906	Stimulus	S 70
1064.891	0.001	1064892	Stimulus	S 70
1065.852	0.001	1065853	Stimulus	S 90
1066.838	0.001	1066839	Stimulus	S 90
1067.798	0.001	1067799	Stimulus	S 90
1068.728	0.001	1068729	Stimulus	S 90
1069.698	0.001	1069699	Stimulus	S 70
1070.636	0.001	1070637	Stimulus	S 90
1071.582	0.001	1071583	Stimulus	S 70
1072.758	0.001	1072759	Stimulus	S 70
1073.649	0.001	1073650	Stimulus	S110
1074.553	0.001	1074554	Stimulus	S 70
1075.627	0.001	1075628	Stimulus	S 70
1076.533	0.001	1076534	Stimulus	S 90
1077.591	0.001	1077592	Stimulus	S 70
1078.61	0.001	1078611	Stimulus	S 90
1079.626	0.001	1079627	Stimulus	S 90
1080.604	0.001	1080605	Stimulus	S 90
1081.669	0.001	1081670	Stimulus	S 90
1082.63	0.001	1082631	Stimulus	S110
1083.632	0.001	1083633	Stimulus	S 90
1084.6	0.001	1084601	Stimulus	S 90
1085.555	0.001	1085556	Stimulus	S 70
1086.509	0.001	1086510	Stimulus	S 70
1087.408	0.001	1087409	Stimulus	S 90
1090.893	0.001	1090894	Stimulus	S  6
1091.5	0.001	1091501	Stimulus	S  6
1092.103	0.001	1092104	Stimulus	S  6
1092.713	0.001	1092714	Stimulus	S  6
1093.323	0.001	1093324	Stimulus	S  6
1093.931	0.001	1093932	Stimulus	S  6
1094.542	0.001	1094543	Stimulus	S  6
1095.152	0.001	1095153	Stimulus	S  6
1095.762	0.001	1095763	Stimulus	S  6
1096.372	0.001	1096373	Stimulus	S  6
1096.98	0.001	1096981	Stimulus	S  6
1097.588	0.001	1097589	Stimulus	S  6
1098.195	0.001	1098196	Stimulus	S  6
1098.805	0.001	1098806	Stimulus	S  6
1099.413	0.001	1099414	Stimulus	S  6
1100.022	0.001	1100023	Stimulus	S  6
1100.629	0.001	1100630	Stimulus	S  6
1101.242	0.001	1101243	Stimulus	S  6
1101.847	0.001	1101848	Stimulus	S  6
1102.455	0.001	1102456	Stimulus	S  6
1103.061	0.001	1103062	Stimulus	S  6
1103.669	0.001	1103670	Stimulus	S  6
1104.279	0.001	1104280	Stimulus	S  6
1104.889	0.001	1104890	Stimulus	S  6
1105.496	0.001	1105497	Stimulus	S 26
1106.297	0.001	1106298	Stimulus	S 66
1106.844	0.001	1106845	Stimulus	S106
1107.39	0.001	1107391	Stimulus	S 86
1107.896	0.001	1107897	Stimulus	S 86
1108.465	0.001	1108466	Stimulus	S 66
1108.969	0.001	1108970	Stimulus	S 86
1109.5	0.001	1109501	Stimulus	S 66
1110.06	0.001	1110061	Stimulus	S 86
1110.599	0.001	1110600	Stimulus	S 86
1111.113	0.001	1111114	Stimulus	S 86
1111.676	0.001	1111677	Stimulus	S 66
1112.167	0.001	1112168	Stimulus	S 86
1112.741	0.001	1112742	Stimulus	S 66
1113.709	0.001	1113710	Stimulus	S 86
1114.174	0.001	1114175	Stimulus	S106
1114.679	0.001	1114680	Stimulus	S 66
1115.2	0.001	1115201	Stimulus	S 66
1115.732	0.001	1115733	Stimulus	S 86
1116.255	0.001	1116256	Stimulus	S 86
1116.751	0.001	1116752	Stimulus	S 66
1117.281	0.001	1117282	Stimulus	S 66
1117.801	0.001	1117802	Stimulus	S 86
1118.317	0.001	1118318	Stimulus	S 86
1118.816	0.001	1118817	Stimulus	S 66
1119.353	0.001	1119354	Stimulus	S 66
1119.883	0.001	1119884	Stimulus	S 86
1120.435	0.001	1120436	Stimulus	S 86
1120.939	0.001	1120940	Stimulus	S 86
1121.453	0.001	1121454	Stimulus	S 66
1121.951	0.001	1121952	Stimulus	S 66
1122.489	0.001	1122490	Stimulus	S 66
1122.979	0.001	1122980	Stimulus	S 86
1123.542	0.001	1123543	Stimulus	S 66
1124.086	0.001	1124087	Stimulus	S 86
1124.609	0.001	1124610	Stimulus	S 86
1125.116	0.001	1125117	Stimulus	S 66
1125.655	0.001	1125656	Stimulus	S 66
1126.185	0.001	1126186	Stimulus	S 86
1126.756	0.001	1126757	Stimulus	S 86
1127.279	0.001	1127280	Stimulus	S 86
1127.801	0.001	1127802	Stimulus	S 66
1128.326	0.001	1128327	Stimulus	S 66
1128.849	0.001	1128850	Stimulus	S 86
1129.397	0.001	1129398	Stimulus	S 66
1130.742	0.001	1130743	Stimulus	S 86
1131.256	0.001	1131257	Stimulus	S106
1131.795	0.001	1131796	Stimulus	S 66
1132.275	0.001	1132276	Stimulus	S 86
1132.774	0.001	1132775	Stimulus	S 66
1133.303	0.001	1133304	Stimulus	S 66
1133.818	0.001	1133819	Stimulus	S 86
1134.332	0.001	1134333	Stimulus	S 86
1134.864	0.001	1134865	Stimulus	S 66
1135.396	0.001	1135397	Stimulus	S 86
1135.925	0.001	1135926	Stimulus	S 86
1136.456	0.001	1136457	Stimulus	S 86
1137.001	0.001	1137002	Stimulus	S 66
1137.491	0.001	1137492	Stimulus	S 86
1138.021	0.001	1138022	Stimulus	S 66
1138.503	0.001	1138504	Stimulus	S 86
1139.009	0.001	1139010	Stimulus	S 66
1139.571	0.001	1139572	Stimulus	S 66
1140.158	0.001	1140159	Stimulus	S 86
1140.609	0.001	1140610	Stimulus	S 86
1141.146	0.001	1141147	Stimulus	S 66
1141.659	0.001	1141660	Stimulus	S 86
1142.189	0.001	1142190	Stimulus	S 66
1142.696	0.001	1142697	Stimulus	S 86
1143.216	0.001	1143217	Stimulus	S 66
1143.699	0.001	1143700	Stimulus	S 66
1144.191	0.001	1144192	Stimulus	S 66
1144.671	0.001	1144672	Stimulus	S 66
1147.871	0.001	1147872	Stimulus	S  2
1148.275	0.001	1148276	Stimulus	S  2
1148.678	0.001	1148679	Stimulus	S  2
1149.089	0.001	1149090	Stimulus	S  2
1149.497	0.001	1149498	Stimulus	S  2
1149.904	0.001	1149905	Stimulus	S  2
1150.309	0.001	1150310	Stimulus	S  2
1150.722	0.001	1150723	Stimulus	S  2
1151.124	0.001	1151125	Stimulus	S  2
1151.535	0.001	1151536	Stimulus	S  2
1151.946	0.001	1151947	Stimulus	S  2
1152.353	0.001	1152354	Stimulus	S  2
1152.759	0.001	1152760	Stimulus	S  2
1153.167	0.001	1153168	Stimulus	S  2
1153.575	0.001	1153576	Stimulus	S  2
1153.978	0.001	1153979	Stimulus	S  2
1154.388	0.001	1154389	Stimulus	S  2
1154.798	0.001	1154799	Stimulus	S  2
1155.204	0.001	1155205	Stimulus	S  2
1155.612	0.001	1155613	Stimulus	S  2
1156.02	0.001	1156021	Stimulus	S  2
1156.43	0.001	1156431	Stimulus	S  2
1156.838	0.001	1156839	Stimulus	S  2
1157.246	0.001	1157247	Stimulus	S  2
1157.65	0.001	1157651	Stimulus	S 22
1158.037	0.001	1158038	Stimulus	S 62
1158.449	0.001	1158450	Stimulus	S102
1158.883	0.001	1158884	Stimulus	S 82
1159.291	0.001	1159292	Stimulus	S 82
1159.693	0.001	1159694	Stimulus	S 82
1160.103	0.001	1160104	Stimulus	S 82
1160.512	0.001	1160513	Stimulus	S 82
1160.937	0.001	1160938	Stimulus	S 82
1161.354	0.001	1161355	Stimulus	S 82
1161.772	0.001	1161773	Stimulus	S 82
1162.213	0.001	1162214	Stimulus	S 82
1162.605	0.001	1162606	Stimulus	S102
1163.039	0.001	1163040	Stimulus	S 82
1163.459	0.001	1163460	Stimulus	S102
1163.893	0.001	1163894	Stimulus	S 82
1164.31	0.001	1164311	Stimulus	S102
1164.702	0.001	1164703	Stimulus	S 82
1165.079	0.001	1165080	Stimulus	S 82
1165.509	0.001	1165510	Stimulus	S 62
1165.888	0.001	1165889	Stimulus	S102
1166.298	0.001	1166299	Stimulus	S 82
1166.676	0.001	1166677	Stimulus	S 82
1167.152	0.001	1167153	Stimulus	S 62
1167.554	0.001	1167555	Stimulus	S102
1167.963	0.001	1167964	Stimulus	S 82
1168.34	0.001	1168341	Stimulus	S 82
1168.71	0.001	1168711	Stimulus	S 62
1169.106	0.001	1169107	Stimulus	S 62
1169.516	0.001	1169517	Stimulus	S 82
1169.908	0.001	1169909	Stimulus	S 82
1170.309	0.001	1170310	Stimulus	S 62
1170.711	0.001	1170712	Stimulus	S 82
1171.127	0.001	1171128	Stimulus	S 82
1171.529	0.001	1171530	Stimulus	S102
1171.932	0.001	1171933	Stimulus	S 82
1172.364	0.001	1172365	Stimulus	S 62
1172.789	0.001	1172790	Stimulus	S102
1173.229	0.001	1173230	Stimulus	S 82
1173.686	0.001	1173687	Stimulus	S102
1174.118	0.001	1174119	Stimulus	S102
1174.556	0.001	1174557	Stimulus	S 82
1174.969	0.001	1174970	Stimulus	S102
1175.38	0.001	1175381	Stimulus	S 82
1175.792	0.001	1175793	Stimulus	S 82
1176.191	0.001	1176192	Stimulus	S 82
1176.554	0.001	1176555	Stimulus	S 62
1176.988	0.001	1176989	Stimulus	S 62
1177.359	0.001	1177360	Stimulus	S102
1177.792	0.001	1177793	Stimulus	S 62
1178.195	0.001	1178196	Stimulus	S 82
1178.598	0.001	1178599	Stimulus	S 82
1178.999	0.001	1179000	Stimulus	S 82
1179.425	0.001	1179426	Stimulus	S 82
1179.852	0.001	1179853	Stimulus	S102
1180.278	0.001	1180279	Stimulus	S102
1180.652	0.001	1180653	Stimulus	S 82
1181.086	0.001	1181087	Stimulus	S 62
1181.536	0.001	1181537	Stimulus	S102
1181.924	0.001	1181925	Stimulus	S102
1182.292	0.001	1182293	Stimulus	S 82
1183.245	0.001	1183246	Stimulus	S 62
1183.67	0.001	1183671	Stimulus	S102
1184.126	0.001	1184127	Stimulus	S 82
1184.52	0.001	1184521	Stimulus	S102
1184.922	0.001	1184923	Stimulus	S 82
1185.34	0.001	1185341	Stimulus	S 82
1185.696	0.001	1185697	Stimulus	S 82
1186.072	0.001	1186073	Stimulus	S 62
1186.53	0.001	1186531	Stimulus	S 62
1186.931	0.001	1186932	Stimulus	S102
1187.358	0.001	1187359	Stimulus	S 82
1187.738	0.001	1187739	Stimulus	S 82
1190.582	0.001	1190583	Stimulus	S  5
1191.185	0.001	1191186	Stimulus	S  5
1191.786	0.001	1191787	Stimulus	S  5
1192.396	0.001	1192397	Stimulus	S  5
1193.007	0.001	1193008	Stimulus	S  5
1193.614	0.001	1193615	Stimulus	S  5
1194.224	0.001	1194225	Stimulus	S  5
1194.834	0.001	1194835	Stimulus	S  5
1195.444	0.001	1195445	Stimulus	S  5
1196.054	0.001	1196055	Stimulus	S  5
1196.662	0.001	1196663	Stimulus	S  5
1197.272	0.001	1197273	Stimulus	S  5
1197.88	0.001	1197881	Stimulus	S  5
1198.49	0.001	1198491	Stimulus	S  5
1199.097	0.001	1199098	Stimulus	S  5
1199.709	0.001	1199710	Stimulus	S  5
1200.319	0.001	1200320	Stimulus	S  5
1200.929	0.001	1200930	Stimulus	S  5
1201.54	0.001	1201541	Stimulus	S  5
1202.153	0.001	1202154	Stimulus	S  5
1202.763	0.001	1202764	Stimulus	S  5
1203.371	0.001	1203372	Stimulus	S  5
1203.981	0.001	1203982	Stimulus	S  5
1204.59	0.001	1204591	Stimulus	S  5
1205.199	0.001	1205200	Stimulus	S 25
1205.523	0.001	1205524	Stimulus	S 85
1206.038	0.001	1206039	Stimulus	S 65
1206.534	0.001	1206535	Stimulus	S 65
1207.193	0.001	1207194	Stimulus	S 65
1207.75	0.001	1207751	Stimulus	S 85
1208.279	0.001	1208280	Stimulus	S 85
1208.874	0.001	1208875	Stimulus	S 65
1209.46	0.001	1209461	Stimulus	S 85
1210.037	0.001	1210038	Stimulus	S 85
1210.598	0.001	1210599	Stimulus	S 85
1211.144	0.001	1211145	Stimulus	S 65
1211.704	0.001	1211705	Stimulus	S 65
1212.296	0.001	1212297	Stimulus	S 85
1212.858	0.001	1212859	Stimulus	S 85
1213.421	0.001	1213422	Stimulus	S 65
1214	0.001	1214001	Stimulus	S 65
1214.689	0.001	1214690	Stimulus	S 85
1215.301	0.001	1215302	Stimulus	S105
1215.91	0.001	1215911	Stimulus	S 85
1216.489	0.001	1216490	Stimulus	S 85
1217.157	0.001	1217158	Stimulus	S 65
1217.735	0.001	1217736	Stimulus	S105
1218.312	0.001	1218313	Stimulus	S 85
1218.904	0.001	1218905	Stimulus	S 85
1219.539	0.001	1219540	Stimulus	S 85
1220.07	0.001	1220071	Stimulus	S105
1220.654	0.001	1220655	Stimulus	S 65
1221.208	0.001	1221209	Stimulus	S 85
1221.779	0.001	1221780	Stimulus	S 65
1222.349	0.001	1222350	Stimulus	S 85
1222.886	0.001	1222887	Stimulus	S 65
1223.447	0.001	1223448	Stimulus	S 65
1224.049	0.001	1224050	Stimulus	S 85
1224.595	0.001	1224596	Stimulus	S 85
1225.172	0.001	1225173	Stimulus	S 65
1225.765	0.001	1225766	Stimulus	S 85
1226.336	0.001	1226337	Stimulus	S 85
1226.921	0.001	1226922	Stimulus	S 65
1227.525	0.001	1227526	Stimulus	S 85
1228.101	0.001	1228102	Stimulus	S 85
1228.704	0.001	1228705	Stimulus	S 65
1229.3	0.001	1229301	Stimulus	S 85
1229.943	0.001	1229944	Stimulus	S 65
1230.487	0.001	1230488	Stimulus	S105
1231.058	0.001	1231059	Stimulus	S 65
1231.628	0.001	1231629	Stimulus	S 85
1232.23	0.001	1232231	Stimulus	S 65
1232.799	0.001	1232800	Stimulus	S 85
1233.4	0.001	1233401	Stimulus	S 65
1233.954	0.001	1233955	Stimulus	S 85
1234.571	0.001	1234572	Stimulus	S 65
1235.124	0.001	1235125	Stimulus	S 85
1235.701	0.001	1235702	Stimulus	S 65
1236.254	0.001	1236255	Stimulus	S 85
1236.815	0.001	1236816	Stimulus	S 65
1237.409	0.001	1237410	Stimulus	S 65
1237.98	0.001	1237981	Stimulus	S 85
1238.525	0.001	1238526	Stimulus	S 85
1239.119	0.001	1239120	Stimulus	S 65
1239.69	0.001	1239691	Stimulus	S 85
1240.301	0.001	1240302	Stimulus	S 65
1240.848	0.001	1240849	Stimulus	S 85
1241.377	0.001	1241378	Stimulus	S 65
1241.978	0.001	1241979	Stimulus	S 65
1242.572	0.001	1242573	Stimulus	S 85
1243.173	0.001	1243174	Stimulus	S 85
1243.797	0.001	1243798	Stimulus	S 85
1244.392	0.001	1244393	Stimulus	S 85
1244.993	0.001	1244994	Stimulus	S 65
1245.65	0.001	1245651	Stimulus	S 85
1246.253	0.001	1246254	Stimulus	S105
1246.807	0.001	1246808	Stimulus	S 85
1249.454	0.001	1249455	Stimulus	S 11
1250.464	0.001	1250465	Stimulus	S 11
1251.467	0.001	1251468	Stimulus	S 11
1252.477	0.001	1252478	Stimulus	S 11
1253.486	0.001	1253487	Stimulus	S 11
1254.493	0.001	1254494	Stimulus	S 11
1255.505	0.001	1255506	Stimulus	S 11
1256.511	0.001	1256512	Stimulus	S 11
1257.521	0.001	1257522	Stimulus	S 11
1258.53	0.001	1258531	Stimulus	S 11
1259.534	0.001	1259535	Stimulus	S 11
1260.542	0.001	1260543	Stimulus	S 11
1261.549	0.001	1261550	Stimulus	S 11
1262.557	0.001	1262558	Stimulus	S 11
1263.565	0.001	1263566	Stimulus	S 11
1264.573	0.001	1264574	Stimulus	S 11
1265.585	0.001	1265586	Stimulus	S 11
1266.593	0.001	1266594	Stimulus	S 11
1267.605	0.001	1267606	Stimulus	S 11
1268.615	0.001	1268616	Stimulus	S 11
1269.625	0.001	1269626	Stimulus	S 11
1270.637	0.001	1270638	Stimulus	S 11
1271.645	0.001	1271646	Stimulus	S 11
1272.655	0.001	1272656	Stimulus	S 11
1273.662	0.001	1273663	Stimulus	S 31
1274.021	0.001	1274022	Stimulus	S 71
1275	0.001	1275001	Stimulus	S 71
1276.097	0.001	1276098	Stimulus	S 91
1277.13	0.001	1277131	Stimulus	S111
1278.154	0.001	1278155	Stimulus	S 91
1279.218	0.001	1279219	Stimulus	S 91
1280.276	0.001	1280277	Stimulus	S111
1281.342	0.001	1281343	Stimulus	S 91
1282.36	0.001	1282361	Stimulus	S111
1283.379	0.001	1283380	Stimulus	S 91
1284.396	0.001	1284397	Stimulus	S 91
1285.44	0.001	1285441	Stimulus	S 91
1286.404	0.001	1286405	Stimulus	S111
1287.405	0.001	1287406	Stimulus	S 71
1288.333	0.001	1288334	Stimulus	S 91
1289.176	0.001	1289177	Stimulus	S 71
1290.233	0.001	1290234	Stimulus	S 71
1291.267	0.001	1291268	Stimulus	S 91
1292.276	0.001	1292277	Stimulus	S 91
1293.356	0.001	1293357	Stimulus	S 91
1294.342	0.001	1294343	Stimulus	S111
1295.344	0.001	1295345	Stimulus	S 91
1296.362	0.001	1296363	Stimulus	S 91
1297.402	0.001	1297403	Stimulus	S 91
1298.404	0.001	1298405	Stimulus	S111
1299.39	0.001	1299391	Stimulus	S 91
1300.399	0.001	1300400	Stimulus	S 71
1301.298	0.001	1301299	Stimulus	S 91
1302.319	0.001	1302320	Stimulus	S 71
1303.305	0.001	1303306	Stimulus	S 91
1304.41	0.001	1304411	Stimulus	S 71
1305.499	0.001	1305500	Stimulus	S111
1306.548	0.001	1306549	Stimulus	S111
1307.501	0.001	1307502	Stimulus	S111
1308.464	0.001	1308465	Stimulus	S 71
1309.634	0.001	1309635	Stimulus	S 91
1310.571	0.001	1310572	Stimulus	S111
1311.601	0.001	1311602	Stimulus	S 71
1312.781	0.001	1312782	Stimulus	S 91
1313.758	0.001	1313759	Stimulus	S111
1314.728	0.001	1314729	Stimulus	S 91
1315.818	0.001	1315819	Stimulus	S 91
1316.829	0.001	1316830	Stimulus	S111
1317.934	0.001	1317935	Stimulus	S 91
1318.926	0.001	1318927	Stimulus	S111
1319.811	0.001	1319812	Stimulus	S 91
1320.83	0.001	1320831	Stimulus	S 71
1321.801	0.001	1321802	Stimulus	S 91
1322.793	0.001	1322794	Stimulus	S 91
1323.988	0.001	1323989	Stimulus	S131
1324.951	0.001	1324952	Stimulus	S111
1325.913	0.001	1325914	Stimulus	S 71
1326.947	0.001	1326948	Stimulus	S 91
1327.935	0.001	1327936	Stimulus	S 91
1328.911	0.001	1328912	Stimulus	S 91
1329.9	0.001	1329901	Stimulus	S 71
1330.933	0.001	1330934	Stimulus	S 91
1331.879	0.001	1331880	Stimulus	S111
1332.816	0.001	1332817	Stimulus	S 71
1333.905	0.001	1333906	Stimulus	S 71
1334.787	0.001	1334788	Stimulus	S111
1335.827	0.001	1335828	Stimulus	S 71
1336.836	0.001	1336837	Stimulus	S 91
1337.95	0.001	1337951	Stimulus	S 91
1338.943	0.001	1338944	Stimulus	S111
1339.961	0.001	1339962	Stimulus	S 91
1340.915	0.001	1340916	Stimulus	S 91
1341.989	0.001	1341990	Stimulus	S 71
1342.959	0.001	1342960	Stimulus	S111
1343.914	0.001	1343915	Stimulus	S 91
1344.886	0.001	1344887	Stimulus	S 71
1345.839	0.001	1345840	Stimulus	S 91
1350.417	0.001	1350418	Stimulus	S  3
1350.824	0.001	1350825	Stimulus	S  3
1351.225	0.001	1351226	Stimulus	S  3
1351.635	0.001	1351636	Stimulus	S  3
1352.041	0.001	1352042	Stimulus	S  3
1352.447	0.001	1352448	Stimulus	S  3
1352.858	0.001	1352859	Stimulus	S  3
1353.265	0.001	1353266	Stimulus	S  3
1353.673	0.001	1353674	Stimulus	S  3
1354.081	0.001	1354082	Stimulus	S  3
1354.492	0.001	1354493	Stimulus	S  3
1354.902	0.001	1354903	Stimulus	S  3
1355.312	0.001	1355313	Stimulus	S  3
1355.723	0.001	1355724	Stimulus	S  3
1356.133	0.001	1356134	Stimulus	S  3
1356.54	0.001	1356541	Stimulus	S  3
1356.948	0.001	1356949	Stimulus	S  3
1357.356	0.001	1357357	Stimulus	S  3
1357.763	0.001	1357764	Stimulus	S  3
1358.172	0.001	1358173	Stimulus	S  3
1358.582	0.001	1358583	Stimulus	S  3
1358.994	0.001	1358995	Stimulus	S  3
1359.403	0.001	1359404	Stimulus	S  3
1359.812	0.001	1359813	Stimulus	S  3
1360.217	0.001	1360218	Stimulus	S 23
1360.783	0.001	1360784	Stimulus	S 63
1361.22	0.001	1361221	Stimulus	S103
1361.623	0.001	1361624	Stimulus	S 83
1361.985	0.001	1361986	Stimulus	S 83
1362.418	0.001	1362419	Stimulus	S 63
1362.821	0.001	1362822	Stimulus	S103
1363.184	0.001	1363185	Stimulus	S 83
1363.616	0.001	1363617	Stimulus	S 63
1364.001	0.001	1364002	Stimulus	S 83
1364.373	0.001	1364374	Stimulus	S 63
1364.773	0.001	1364774	Stimulus	S 63
1365.173	0.001	1365174	Stimulus	S 83
1365.573	0.001	1365574	Stimulus	S 83
1365.998	0.001	1365999	Stimulus	S 83
1366.401	0.001	1366402	Stimulus	S103
1366.779	0.001	1366780	Stimulus	S 83
1367.167	0.001	1367168	Stimulus	S 63
1367.587	0.001	1367588	Stimulus	S 83
1367.988	0.001	1367989	Stimulus	S103
1368.399	0.001	1368400	Stimulus	S 83
1368.761	0.001	1368762	Stimulus	S 83
1369.186	0.001	1369187	Stimulus	S 63
1369.611	0.001	1369612	Stimulus	S103
1370.044	0.001	1370045	Stimulus	S 83
1370.405	0.001	1370406	Stimulus	S103
1370.873	0.001	1370874	Stimulus	S 63
1371.209	0.001	1371210	Stimulus	S103
1371.634	0.001	1371635	Stimulus	S 63
1372.028	0.001	1372029	Stimulus	S 83
1372.39	0.001	1372391	Stimulus	S 83
1372.776	0.001	1372777	Stimulus	S 63
1373.211	0.001	1373212	Stimulus	S 83
1373.629	0.001	1373630	Stimulus	S 83
1374	0.001	1374001	Stimulus	S 83
1374.403	0.001	1374404	Stimulus	S 63
1374.9	0.001	1374901	Stimulus	S 83
1375.27	0.001	1375271	Stimulus	S103
1375.666	0.001	1375667	Stimulus	S 63
1376.07	0.001	1376071	Stimulus	S 83
1376.464	0.001	1376465	Stimulus	S 83
1376.865	0.001	1376866	Stimulus	S 63
1377.301	0.001	1377302	Stimulus	S 83
1377.686	0.001	1377687	Stimulus	S103
1378.123	0.001	1378124	Stimulus	S 63
1378.528	0.001	1378529	Stimulus	S 83
1378.873	0.001	1378874	Stimulus	S 83
1379.258	0.001	1379259	Stimulus	S 63
1379.746	0.001	1379747	Stimulus	S 63
1380.158	0.001	1380159	Stimulus	S103
1380.583	0.001	1380584	Stimulus	S 83
1380.975	0.001	1380976	Stimulus	S 83
1381.362	0.001	1381363	Stimulus	S 83
1381.768	0.001	1381769	Stimulus	S 63
1382.211	0.001	1382212	Stimulus	S 83
1382.565	0.001	1382566	Stimulus	S103
1382.998	0.001	1382999	Stimulus	S 63
1383.408	0.001	1383409	Stimulus	S 83
1383.753	0.001	1383754	Stimulus	S 83
1384.171	0.001	1384172	Stimulus	S 63
1384.598	0.001	1384599	Stimulus	S 83
1385	0.001	1385001	Stimulus	S103
1385.425	0.001	1385426	Stimulus	S 83
1385.748	0.001	1385749	Stimulus	S103
1386.183	0.001	1386184	Stimulus	S 63
1386.584	0.001	1386585	Stimulus	S 83
1387.025	0.001	1387026	Stimulus	S 83
1387.37	0.001	1387371	Stimulus	S103
1387.856	0.001	1387857	Stimulus	S 63
1388.283	0.001	1388284	Stimulus	S103
1388.653	0.001	1388654	Stimulus	S 83
1389.078	0.001	1389079	Stimulus	S 63
1389.542	0.001	1389543	Stimulus	S 83
1392.521	0.001	1392522	Stimulus	S  7
1393.125	0.001	1393126	Stimulus	S  7
1393.729	0.001	1393730	Stimulus	S  7
1394.339	0.001	1394340	Stimulus	S  7
1394.946	0.001	1394947	Stimulus	S  7
1395.554	0.001	1395555	Stimulus	S  7
1396.166	0.001	1396167	Stimulus	S  7
1396.776	0.001	1396777	Stimulus	S  7
1397.386	0.001	1397387	Stimulus	S  7
1397.995	0.001	1397996	Stimulus	S  7
1398.603	0.001	1398604	Stimulus	S  7
1399.205	0.001	1399206	Stimulus	S  7
1399.813	0.001	1399814	Stimulus	S  7
1400.414	0.001	1400415	Stimulus	S  7
1401.027	0.001	1401028	Stimulus	S  7
1401.639	0.001	1401640	Stimulus	S  7
1402.25	0.001	1402251	Stimulus	S  7
1402.86	0.001	1402861	Stimulus	S  7
1403.468	0.001	1403469	Stimulus	S  7
1404.076	0.001	1404077	Stimulus	S  7
1404.686	0.001	1404687	Stimulus	S  7
1405.296	0.001	1405297	Stimulus	S  7
1405.906	0.001	1405907	Stimulus	S  7
1406.518	0.001	1406519	Stimulus	S  7
1407.12	0.001	1407121	Stimulus	S 27
1407.811	0.001	1407812	Stimulus	S107
1408.399	0.001	1408400	Stimulus	S 67
1408.961	0.001	1408962	Stimulus	S 87
1409.588	0.001	1409589	Stimulus	S 67
1410.132	0.001	1410133	Stimulus	S 87
1410.695	0.001	1410696	Stimulus	S 67
1411.33	0.001	1411331	Stimulus	S 67
1412.02	0.001	1412021	Stimulus	S 87
1412.544	0.001	1412545	Stimulus	S107
1413.131	0.001	1413132	Stimulus	S 67
1413.74	0.001	1413741	Stimulus	S 87
1414.335	0.001	1414336	Stimulus	S 87
1415.408	0.001	1415409	Stimulus	S 87
1415.993	0.001	1415994	Stimulus	S107
1416.554	0.001	1416555	Stimulus	S 87
1417.08	0.001	1417081	Stimulus	S 67
1417.653	0.001	1417654	Stimulus	S 67
1418.242	0.001	1418243	Stimulus	S 87
1418.764	0.001	1418765	Stimulus	S 87
1419.35	0.001	1419351	Stimulus	S 67
1419.889	0.001	1419890	Stimulus	S 87
1420.42	0.001	1420421	Stimulus	S 67
1421.103	0.001	1421104	Stimulus	S 67
1421.771	0.001	1421772	Stimulus	S107
1422.405	0.001	1422406	Stimulus	S107
1423.001	0.001	1423002	Stimulus	S 87
1423.602	0.001	1423603	Stimulus	S 87
1424.171	0.001	1424172	Stimulus	S 87
1424.767	0.001	1424768	Stimulus	S 67
1425.359	0.001	1425360	Stimulus	S 87
1425.921	0.001	1425922	Stimulus	S 87
1426.525	0.001	1426526	Stimulus	S 67
1427.087	0.001	1427088	Stimulus	S 87
1427.662	0.001	1427663	Stimulus	S 67
1428.231	0.001	1428232	Stimulus	S 67
1428.744	0.001	1428745	Stimulus	S 87
1429.353	0.001	1429354	Stimulus	S 67
1429.94	0.001	1429941	Stimulus	S 87
1430.526	0.001	1430527	Stimulus	S 87
1431.086	0.001	1431087	Stimulus	S 67
1431.68	0.001	1431681	Stimulus	S 67
1432.348	0.001	1432349	Stimulus	S 87
1432.885	0.001	1432886	Stimulus	S107
1433.518	0.001	1433519	Stimulus	S 67
1434.143	0.001	1434144	Stimulus	S 87
1434.656	0.001	1434657	Stimulus	S 87
1435.234	0.001	1435235	Stimulus	S 67
1435.852	0.001	1435853	Stimulus	S 87
1436.37	0.001	1436371	Stimulus	S 87
1436.931	0.001	1436932	Stimulus	S 67
1437.46	0.001	1437461	Stimulus	S 67
1438.046	0.001	1438047	Stimulus	S 67
1438.664	0.001	1438665	Stimulus	S 87
1439.234	0.001	1439235	Stimulus	S 87
1439.813	0.001	1439814	Stimulus	S 67
1440.421	0.001	1440422	Stimulus	S 87
1440.978	0.001	1440979	Stimulus	S 87
1441.54	0.001	1441541	Stimulus	S 67
1442.134	0.001	1442135	Stimulus	S 67
1442.711	0.001	1442712	Stimulus	S 87
1443.274	0.001	1443275	Stimulus	S 67
1443.812	0.001	1443813	Stimulus	S 67
1444.397	0.001	1444398	Stimulus	S 67
1444.99	0.001	1444991	Stimulus	S 87
1445.562	0.001	1445563	Stimulus	S 87
1446.142	0.001	1446143	Stimulus	S 87
1446.631	0.001	1446632	Stimulus	S 87
1447.21	0.001	1447211	Stimulus	S 67
1447.822	0.001	1447823	Stimulus	S 67
1448.474	0.001	1448475	Stimulus	S 87
1449.108	0.001	1449109	Stimulus	S107
1449.692	0.001	1449693	Stimulus	S 87
1452.7	0.001	1452701	Stimulus	S  9
1453.706	0.001	1453707	Stimulus	S  9
1454.71	0.001	1454711	Stimulus	S  9
1455.72	0.001	1455721	Stimulus	S  9
1456.732	0.001	1456733	Stimulus	S  9
1457.741	0.001	1457742	Stimulus	S  9
1458.751	0.001	1458752	Stimulus	S  9
1459.761	0.001	1459762	Stimulus	S  9
1460.768	0.001	1460769	Stimulus	S  9
1461.781	0.001	1461782	Stimulus	S  9
1462.791	0.001	1462792	Stimulus	S  9
1463.801	0.001	1463802	Stimulus	S  9
1464.811	0.001	1464812	Stimulus	S  9
1465.821	0.001	1465822	Stimulus	S  9
1466.829	0.001	1466830	Stimulus	S  9
1467.839	0.001	1467840	Stimulus	S  9
1468.847	0.001	1468848	Stimulus	S  9
1469.857	0.001	1469858	Stimulus	S  9
1470.865	0.001	1470866	Stimulus	S  9
1471.875	0.001	1471876	Stimulus	S  9
1472.884	0.001	1472885	Stimulus	S  9
1473.894	0.001	1473895	Stimulus	S  9
1474.906	0.001	1474907	Stimulus	S  9
1475.914	0.001	1475915	Stimulus	S  9
1476.919	0.001	1476920	Stimulus	S 29
1477.585	0.001	1477586	Stimulus	S 89
1478.581	0.001	1478582	Stimulus	S 69
1479.6	0.001	1479601	Stimulus	S 89
1480.579	0.001	1480580	Stimulus	S 89
1481.637	0.001	1481638	Stimulus	S 89
1482.696	0.001	1482697	Stimulus	S109
1483.731	0.001	1483732	Stimulus	S109
1484.708	0.001	1484709	Stimulus	S 89
1485.773	0.001	1485774	Stimulus	S 69
1486.943	0.001	1486944	Stimulus	S109
1487.868	0.001	1487869	Stimulus	S109
1488.917	0.001	1488918	Stimulus	S 69
1489.91	0.001	1489911	Stimulus	S 89
1491.04	0.001	1491041	Stimulus	S 89
1492.049	0.001	1492050	Stimulus	S109
1493.06	0.001	1493061	Stimulus	S 89
1494.119	0.001	1494120	Stimulus	S 89
1495.082	0.001	1495083	Stimulus	S109
1496.051	0.001	1496052	Stimulus	S 89
1497.151	0.001	1497152	Stimulus	S 89
1498.154	0.001	1498155	Stimulus	S109
1499.131	0.001	1499132	Stimulus	S 89
1500.029	0.001	1500030	Stimulus	S 69
1501.087	0.001	1501088	Stimulus	S 69
1502.16	0.001	1502161	Stimulus	S 89
1503.072	0.001	1503073	Stimulus	S109
1504.065	0.001	1504066	Stimulus	S 69
1505.13	0.001	1505131	Stimulus	S 89
1506.141	0.001	1506142	Stimulus	S109
1507.126	0.001	1507127	Stimulus	S 89
1508.168	0.001	1508169	Stimulus	S 89
1509.084	0.001	1509085	Stimulus	S 89
1510.1	0.001	1510101	Stimulus	S 69
1511.23	0.001	1511231	Stimulus	S 89
1512.264	0.001	1512265	Stimulus	S109
1513.305	0.001	1513306	Stimulus	S 89
1514.362	0.001	1514363	Stimulus	S109
1515.357	0.001	1515358	Stimulus	S109
1516.486	0.001	1516487	Stimulus	S 89
1517.464	0.001	1517465	Stimulus	S109
1518.451	0.001	1518452	Stimulus	S 89
1519.477	0.001	1519478	Stimulus	S 89
1520.464	0.001	1520465	Stimulus	S 89
1521.464	0.001	1521465	Stimulus	S 69
1522.425	0.001	1522426	Stimulus	S 89
1523.381	0.001	1523382	Stimulus	S 69
1524.294	0.001	1524295	Stimulus	S 69
1525.303	0.001	1525304	Stimulus	S 69
1526.266	0.001	1526267	Stimulus	S 89
1527.156	0.001	1527157	Stimulus	S 69
1528.031	0.001	1528032	Stimulus	S 69
1529.055	0.001	1529056	Stimulus	S 69
1530.001	0.001	1530002	Stimulus	S 89
1530.963	0.001	1530964	Stimulus	S 69
1531.939	0.001	1531940	Stimulus	S 89
1532.966	0.001	1532967	Stimulus	S 89
1533.92	0.001	1533921	Stimulus	S 89
1534.89	0.001	1534891	Stimulus	S 69
1535.827	0.001	1535828	Stimulus	S 89
1536.861	0.001	1536862	Stimulus	S 69
1537.759	0.001	1537760	Stimulus	S 89
1538.778	0.001	1538779	Stimulus	S 69
1539.746	0.001	1539747	Stimulus	S 89
1540.835	0.001	1540836	Stimulus	S 69
1541.813	0.001	1541814	Stimulus	S109
1542.767	0.001	1542768	Stimulus	S 89
1543.847	0.001	1543848	Stimulus	S 69
1544.832	0.001	1544833	Stimulus	S109
1545.932	0.001	1545933	Stimulus	S 89
1546.959	0.001	1546960	Stimulus	S109
1547.944	0.001	1547945	Stimulus	S 89
1548.953	0.001	1548954	Stimulus	S 89
1552.288	0.001	1552289	Stimulus	S  4
1552.698	0.001	1552699	Stimulus	S  4
1553.109	0.001	1553110	Stimulus	S  4
1553.515	0.001	1553516	Stimulus	S  4
1553.924	0.001	1553925	Stimulus	S  4
1554.337	0.001	1554338	Stimulus	S  4
1554.746	0.001	1554747	Stimulus	S  4
1555.153	0.001	1555154	Stimulus	S  4
1555.562	0.001	1555563	Stimulus	S  4
1555.97	0.001	1555971	Stimulus	S  4
1556.376	0.001	1556377	Stimulus	S  4
1556.785	0.001	1556786	Stimulus	S  4
1557.188	0.001	1557189	Stimulus	S  4
1557.597	0.001	1557598	Stimulus	S  4
1558.007	0.001	1558008	Stimulus	S  4
1558.416	0.001	1558417	Stimulus	S  4
1558.822	0.001	1558823	Stimulus	S  4
1559.228	0.001	1559229	Stimulus	S  4
1559.636	0.001	1559637	Stimulus	S  4
1560.047	0.001	1560048	Stimulus	S  4
1560.457	0.001	1560458	Stimulus	S  4
1560.867	0.001	1560868	Stimulus	S  4
1561.275	0.001	1561276	Stimulus	S  4
1561.682	0.001	1561683	Stimulus	S  4
1562.082	0.001	1562083	Stimulus	S 24
1562.47	0.001	1562471	Stimulus	S 84
1562.89	0.001	1562891	Stimulus	S104
1563.324	0.001	1563325	Stimulus	S 84
1563.742	0.001	1563743	Stimulus	S 84
1564.21	0.001	1564211	Stimulus	S 84
1564.604	0.001	1564605	Stimulus	S104
1565.013	0.001	1565014	Stimulus	S124
1565.423	0.001	1565424	Stimulus	S 84
1565.855	0.001	1565856	Stimulus	S 84
1566.287	0.001	1566288	Stimulus	S104
1566.711	0.001	1566712	Stimulus	S104
1567.161	0.001	1567162	Stimulus	S 84
1567.493	0.001	1567494	Stimulus	S104
1567.974	0.001	1567975	Stimulus	S 64
1568.424	0.001	1568425	Stimulus	S104
1568.809	0.001	1568810	Stimulus	S104
1569.226	0.001	1569227	Stimulus	S 84
1569.611	0.001	1569612	Stimulus	S 84
1570.016	0.001	1570017	Stimulus	S 84
1570.442	0.001	1570443	Stimulus	S 84
1570.844	0.001	1570845	Stimulus	S104
1571.253	0.001	1571254	Stimulus	S 84
1571.635	0.001	1571636	Stimulus	S 84
1572.084	0.001	1572085	Stimulus	S 64
1572.445	0.001	1572446	Stimulus	S104
1572.877	0.001	1572878	Stimulus	S 64
1573.223	0.001	1573224	Stimulus	S 84
1573.633	0.001	1573634	Stimulus	S 64
1574.074	0.001	1574075	Stimulus	S 84
1574.474	0.001	1574475	Stimulus	S104
1574.858	0.001	1574859	Stimulus	S 84
1575.283	0.001	1575284	Stimulus	S 64
1575.661	0.001	1575662	Stimulus	S 84
1576.104	0.001	1576105	Stimulus	S 64
1576.488	0.001	1576489	Stimulus	S104
1576.913	0.001	1576914	Stimulus	S 84
1577.314	0.001	1577315	Stimulus	S 84
1577.715	0.001	1577716	Stimulus	S 84
1578.092	0.001	1578093	Stimulus	S 84
1578.501	0.001	1578502	Stimulus	S 64
1578.911	0.001	1578912	Stimulus	S 84
1579.304	0.001	1579305	Stimulus	S104
1579.715	0.001	1579716	Stimulus	S 64
1580.124	0.001	1580125	Stimulus	S 84
1580.511	0.001	1580512	Stimulus	S 84
1580.913	0.001	1580914	Stimulus	S 64
1581.33	0.001	1581331	Stimulus	S 84
1581.749	0.001	1581750	Stimulus	S104
1582.159	0.001	1582160	Stimulus	S104
1582.618	0.001	1582619	Stimulus	S 84
1583.018	0.001	1583019	Stimulus	S104
1583.467	0.001	1583468	Stimulus	S 84
1583.894	0.001	1583895	Stimulus	S104
1584.295	0.001	1584296	Stimulus	S 84
1584.72	0.001	1584721	Stimulus	S 84
1585.147	0.001	1585148	Stimulus	S104
1585.558	0.001	1585559	Stimulus	S104
1586.009	0.001	1586010	Stimulus	S 84
1586.419	0.001	1586420	Stimulus	S104
1586.836	0.001	1586837	Stimulus	S 84
1587.229	0.001	1587230	Stimulus	S 84
1587.631	0.001	1587632	Stimulus	S 64
1588.036	0.001	1588037	Stimulus	S 84
1588.47	0.001	1588471	Stimulus	S 64
1588.865	0.001	1588866	Stimulus	S104
1589.243	0.001	1589244	Stimulus	S 84
1589.629	0.001	1589630	Stimulus	S 64
1590.046	0.001	1590047	Stimulus	S 64
1590.416	0.001	1590417	Stimulus	S 84
1590.809	0.001	1590810	Stimulus	S 64
1591.193	0.001	1591194	Stimulus	S 84
1591.604	0.001	1591605	Stimulus	S 64
1593.843	0.001	1593844	Stimulus	S  8
1594.447	0.001	1594448	Stimulus	S  8
1595.048	0.001	1595049	Stimulus	S  8
1595.654	0.001	1595655	Stimulus	S  8
1596.264	0.001	1596265	Stimulus	S  8
1596.869	0.001	1596870	Stimulus	S  8
1597.475	0.001	1597476	Stimulus	S  8
1598.085	0.001	1598086	Stimulus	S  8
1598.695	0.001	1598696	Stimulus	S  8
1599.305	0.001	1599306	Stimulus	S  8
1599.918	0.001	1599919	Stimulus	S  8
1600.528	0.001	1600529	Stimulus	S  8
1601.136	0.001	1601137	Stimulus	S  8
1601.746	0.001	1601747	Stimulus	S  8
1602.356	0.001	1602357	Stimulus	S  8
1602.966	0.001	1602967	Stimulus	S  8
1603.576	0.001	1603577	Stimulus	S  8
1604.188	0.001	1604189	Stimulus	S  8
1604.796	0.001	1604797	Stimulus	S  8
1605.404	0.001	1605405	Stimulus	S  8
1606.014	0.001	1606015	Stimulus	S  8
1606.618	0.001	1606619	Stimulus	S  8
1607.224	0.001	1607225	Stimulus	S  8
1607.837	0.001	1607838	Stimulus	S  8
1608.44	0.001	1608441	Stimulus	S 28
1609.124	0.001	1609125	Stimulus	S 88
1609.711	0.001	1609712	Stimulus	S 68
1610.312	0.001	1610313	Stimulus	S 88
1610.905	0.001	1610906	Stimulus	S 88
1611.485	0.001	1611486	Stimulus	S 88
1612.061	0.001	1612062	Stimulus	S 68
1612.59	0.001	1612591	Stimulus	S 68
1613.271	0.001	1613272	Stimulus	S 68
1613.839	0.001	1613840	Stimulus	S108
1614.447	0.001	1614448	Stimulus	S 88
1615.042	0.001	1615043	Stimulus	S 88
1615.611	0.001	1615612	Stimulus	S 88
1616.175	0.001	1616176	Stimulus	S 68
1616.794	0.001	1616795	Stimulus	S 68
1617.386	0.001	1617387	Stimulus	S 88
1618.036	0.001	1618037	Stimulus	S 88
1618.619	0.001	1618620	Stimulus	S108
1619.132	0.001	1619133	Stimulus	S 88
1619.733	0.001	1619734	Stimulus	S 68
1620.328	0.001	1620329	Stimulus	S 88
1620.946	0.001	1620947	Stimulus	S 88
1621.556	0.001	1621557	Stimulus	S 88
1622.143	0.001	1622144	Stimulus	S 88
1622.728	0.001	1622729	Stimulus	S 68
1623.304	0.001	1623305	Stimulus	S 68
1623.922	0.001	1623923	Stimulus	S 68
1624.492	0.001	1624493	Stimulus	S 88
1625.126	0.001	1625127	Stimulus	S 68
1625.746	0.001	1625747	Stimulus	S 88
1626.381	0.001	1626382	Stimulus	S 88
1626.998	0.001	1626999	Stimulus	S108
1627.577	0.001	1627578	Stimulus	S 88
1628.177	0.001	1628178	Stimulus	S 68
1628.73	0.001	1628731	Stimulus	S 88
1629.307	0.001	1629308	Stimulus	S 68
1629.844	0.001	1629845	Stimulus	S 68
1630.437	0.001	1630438	Stimulus	S 68
1631.102	0.001	1631103	Stimulus	S 88
1631.65	0.001	1631651	Stimulus	S108
1632.301	0.001	1632302	Stimulus	S 68
1632.905	0.001	1632906	Stimulus	S 88
1633.498	0.001	1633499	Stimulus	S 88
1634.033	0.001	1634034	Stimulus	S 88
1634.579	0.001	1634580	Stimulus	S 68
1635.205	0.001	1635206	Stimulus	S 68
1635.758	0.001	1635759	Stimulus	S 88
1636.321	0.001	1636322	Stimulus	S 68
1636.947	0.001	1636948	Stimulus	S 68
1637.532	0.001	1637533	Stimulus	S 88
1638.11	0.001	1638111	Stimulus	S 88
1638.776	0.001	1638777	Stimulus	S 68
1639.377	0.001	1639378	Stimulus	S108
1639.913	0.001	1639914	Stimulus	S 88
1640.486	0.001	1640487	Stimulus	S 68
1640.993	0.001	1640994	Stimulus	S 88
1641.57	0.001	1641571	Stimulus	S 68
1642.148	0.001	1642149	Stimulus	S 88
1642.636	0.001	1642637	Stimulus	S 88
1643.205	0.001	1643206	Stimulus	S 68
1643.79	0.001	1643791	Stimulus	S 88
1644.359	0.001	1644360	Stimulus	S 88
1644.887	0.001	1644888	Stimulus	S 68
1645.497	0.001	1645498	Stimulus	S 68
1646.09	0.001	1646091	Stimulus	S 88
1646.628	0.001	1646629	Stimulus	S 88
1647.228	0.001	1647229	Stimulus	S 68
1647.765	0.001	1647766	Stimulus	S 88
1648.319	0.001	1648320	Stimulus	S 68
1648.912	0.001	1648913	Stimulus	S 68
1649.497	0.001	1649498	Stimulus	S 88
1650.09	0.001	1650091	Stimulus	S 88
1650.668	0.001	1650669	Stimulus	S 88
1652.975	0.001	1652976	Stimulus	S 12
1653.981	0.001	1653982	Stimulus	S 12
1654.992	0.001	1654993	Stimulus	S 12
1656.003	0.001	1656004	Stimulus	S 12
1657.008	0.001	1657009	Stimulus	S 12
1658.019	0.001	1658020	Stimulus	S 12
1659.03	0.001	1659031	Stimulus	S 12
1660.04	0.001	1660041	Stimulus	S 12
1661.045	0.001	1661046	Stimulus	S 12
1662.052	0.001	1662053	Stimulus	S 12
1663.059	0.001	1663060	Stimulus	S 12
1664.067	0.001	1664068	Stimulus	S 12
1665.075	0.001	1665076	Stimulus	S 12
1666.084	0.001	1666085	Stimulus	S 12
1667.092	0.001	1667093	Stimulus	S 12
1668.1	0.001	1668101	Stimulus	S 12
1669.106	0.001	1669107	Stimulus	S 12
1670.114	0.001	1670115	Stimulus	S 12
1671.123	0.001	1671124	Stimulus	S 12
1672.13	0.001	1672131	Stimulus	S 12
1673.141	0.001	1673142	Stimulus	S 12
1674.15	0.001	1674151	Stimulus	S 12
1675.158	0.001	1675159	Stimulus	S 12
1676.166	0.001	1676167	Stimulus	S 12
1677.175	0.001	1677176	Stimulus	S 32
1677.742	0.001	1677743	Stimulus	S 72
1678.769	0.001	1678770	Stimulus	S 72
1679.937	0.001	1679938	Stimulus	S 92
1680.914	0.001	1680915	Stimulus	S112
1681.87	0.001	1681871	Stimulus	S 92
1682.833	0.001	1682834	Stimulus	S 72
1683.905	0.001	1683906	Stimulus	S 92
1684.905	0.001	1684906	Stimulus	S112
1685.932	0.001	1685933	Stimulus	S 92
1686.83	0.001	1686831	Stimulus	S 92
1687.896	0.001	1687897	Stimulus	S 72
1688.842	0.001	1688843	Stimulus	S112
1689.758	0.001	1689759	Stimulus	S 72
1690.841	0.001	1690842	Stimulus	S132
1691.858	0.001	1691859	Stimulus	S112
1692.788	0.001	1692789	Stimulus	S 92
1693.798	0.001	1693799	Stimulus	S 72
1694.782	0.001	1694783	Stimulus	S 92
1695.784	0.001	1695785	Stimulus	S 92
1696.832	0.001	1696833	Stimulus	S 92
1697.915	0.001	1697916	Stimulus	S 92
1698.884	0.001	1698885	Stimulus	S112
1699.926	0.001	1699927	Stimulus	S 92
1700.944	0.001	1700945	Stimulus	S 92
1701.889	0.001	1701890	Stimulus	S 92
1702.866	0.001	1702867	Stimulus	S 72
1703.892	0.001	1703893	Stimulus	S 72
1704.904	0.001	1704905	Stimulus	S 92
1706.045	0.001	1706046	Stimulus	S 92
1707.015	0.001	1707016	Stimulus	S112
1708.079	0.001	1708080	Stimulus	S 72
1709.249	0.001	1709250	Stimulus	S112
1710.188	0.001	1710189	Stimulus	S112
1711.188	0.001	1711189	Stimulus	S 72
1712.14	0.001	1712141	Stimulus	S 92
1713.149	0.001	1713150	Stimulus	S 92
1714.077	0.001	1714078	Stimulus	S 92
1715.166	0.001	1715167	Stimulus	S 72
1716.135	0.001	1716136	Stimulus	S112
1717.113	0.001	1717114	Stimulus	S 92
1718.066	0.001	1718067	Stimulus	S 92
1719.043	0.001	1719044	Stimulus	S 72
1720.029	0.001	1720030	Stimulus	S 92
1720.974	0.001	1720975	Stimulus	S 92
1722.02	0.001	1722021	Stimulus	S 72
1723.006	0.001	1723007	Stimulus	S 92
1724.045	0.001	1724046	Stimulus	S 92
1724.983	0.001	1724984	Stimulus	S112
1726.026	0.001	1726027	Stimulus	S 72
1727.035	0.001	1727036	Stimulus	S 92
1727.949	0.001	1727950	Stimulus	S 92
1728.989	0.001	1728990	Stimulus	S 72
1729.966	0.001	1729967	Stimulus	S112
1730.967	0.001	1730968	Stimulus	S 92
1731.927	0.001	1731928	Stimulus	S 92
1732.952	0.001	1732953	Stimulus	S 72
1734.716	0.001	1734717	Stimulus	S 92
1735.62	0.001	1735621	Stimulus	S112
1736.532	0.001	1736533	Stimulus	S 72
1737.478	0.001	1737479	Stimulus	S 72
1738.43	0.001	1738431	Stimulus	S 72
1739.448	0.001	1739449	Stimulus	S 92
1740.378	0.001	1740379	Stimulus	S 92
1741.395	0.001	1741396	Stimulus	S 72
1742.331	0.001	1742332	Stimulus	S 92
1743.349	0.001	1743350	Stimulus	S 72
1744.312	0.001	1744313	Stimulus	S 92
1745.298	0.001	1745299	Stimulus	S 72
1746.356	0.001	1746357	Stimulus	S 92
1747.261	0.001	1747262	Stimulus	S112
1748.206	0.001	1748207	Stimulus	S 72
1749.295	0.001	1749296	Stimulus	S 72
1752.435	0.001	1752436	Stimulus	S  1
1752.839	0.001	1752840	Stimulus	S  1
1753.24	0.001	1753241	Stimulus	S  1
1753.646	0.001	1753647	Stimulus	S  1
1754.054	0.001	1754055	Stimulus	S  1
1754.462	0.001	1754463	Stimulus	S  1
1754.872	0.001	1754873	Stimulus	S  1
1755.279	0.001	1755280	Stimulus	S  1
1755.689	0.001	1755690	Stimulus	S  1
1756.097	0.001	1756098	Stimulus	S  1
1756.503	0.001	1756504	Stimulus	S  1
1756.915	0.001	1756916	Stimulus	S  1
1757.327	0.001	1757328	Stimulus	S  1
1757.736	0.001	1757737	Stimulus	S  1
1758.145	0.001	1758146	Stimulus	S  1
1758.555	0.001	1758556	Stimulus	S  1
1758.963	0.001	1758964	Stimulus	S  1
1759.371	0.001	1759372	Stimulus	S  1
1759.775	0.001	1759776	Stimulus	S  1
1760.185	0.001	1760186	Stimulus	S  1
1760.595	0.001	1760596	Stimulus	S  1
1760.999	0.001	1761000	Stimulus	S  1
1761.407	0.001	1761408	Stimulus	S  1
1761.819	0.001	1761820	Stimulus	S  1
1762.224	0.001	1762225	Stimulus	S 21
1762.619	0.001	1762620	Stimulus	S101
1763.054	0.001	1763055	Stimulus	S101
1763.503	0.001	1763504	Stimulus	S 81
1763.929	0.001	1763930	Stimulus	S101
1764.386	0.001	1764387	Stimulus	S 81
1764.794	0.001	1764795	Stimulus	S101
1765.195	0.001	1765196	Stimulus	S 81
1765.567	0.001	1765568	Stimulus	S 81
1766.04	0.001	1766041	Stimulus	S 61
1766.45	0.001	1766451	Stimulus	S101
1766.803	0.001	1766804	Stimulus	S 81
1767.237	0.001	1767238	Stimulus	S 61
1767.646	0.001	1767647	Stimulus	S 81
1768.063	0.001	1768064	Stimulus	S 81
1768.48	0.001	1768481	Stimulus	S 81
1768.897	0.001	1768898	Stimulus	S101
1769.345	0.001	1769346	Stimulus	S 81
1769.762	0.001	1769763	Stimulus	S101
1770.156	0.001	1770157	Stimulus	S 81
1770.511	0.001	1770512	Stimulus	S 61
1770.977	0.001	1770978	Stimulus	S 61
1771.346	0.001	1771347	Stimulus	S101
1771.732	0.001	1771733	Stimulus	S 61
1772.165	0.001	1772166	Stimulus	S 81
1772.583	0.001	1772584	Stimulus	S 81
1772.896	0.001	1772897	Stimulus	S 81
1773.345	0.001	1773346	Stimulus	S 61
1773.786	0.001	1773787	Stimulus	S101
1774.219	0.001	1774220	Stimulus	S101
1774.624	0.001	1774625	Stimulus	S 81
1775.019	0.001	1775020	Stimulus	S 81
1775.468	0.001	1775469	Stimulus	S 81
1775.869	0.001	1775870	Stimulus	S101
1776.218	0.001	1776219	Stimulus	S 81
1776.631	0.001	1776632	Stimulus	S 61
1776.995	0.001	1776996	Stimulus	S 81
1777.428	0.001	1777429	Stimulus	S 61
1777.815	0.001	1777816	Stimulus	S101
1778.2	0.001	1778201	Stimulus	S 81
1778.553	0.001	1778554	Stimulus	S 61
1778.994	0.001	1778995	Stimulus	S 61
1779.349	0.001	1779350	Stimulus	S 81
1779.743	0.001	1779744	Stimulus	S 61
1780.13	0.001	1780131	Stimulus	S 81
1780.51	0.001	1780511	Stimulus	S 81
1780.856	0.001	1780857	Stimulus	S 61
1781.307	0.001	1781308	Stimulus	S 61
1781.7	0.001	1781701	Stimulus	S101
1782.175	0.001	1782176	Stimulus	S 81
1782.6	0.001	1782601	Stimulus	S101
1783.075	0.001	1783076	Stimulus	S 81
1783.508	0.001	1783509	Stimulus	S101
1783.932	0.001	1783933	Stimulus	S 81
1784.326	0.001	1784327	Stimulus	S 81
1784.691	0.001	1784692	Stimulus	S 81
1785.061	0.001	1785062	Stimulus	S 61
1785.473	0.001	1785474	Stimulus	S 61
1785.86	0.001	1785861	Stimulus	S 81
1786.252	0.001	1786253	Stimulus	S 81
1786.678	0.001	1786679	Stimulus	S 81
1787.112	0.001	1787113	Stimulus	S101
1787.5	0.001	1787501	Stimulus	S101
1787.894	0.001	1787895	Stimulus	S 81
1788.339	0.001	1788340	Stimulus	S 81
1788.748	0.001	1788749	Stimulus	S101
1789.109	0.001	1789110	Stimulus	S 81
1789.51	0.001	1789511	Stimulus	S 61
1789.895	0.001	1789896	Stimulus	S 81
1790.336	0.001	1790337	Stimulus	S 61
1790.739	0.001	1790740	Stimulus	S101
1791.117	0.001	1791118	Stimulus	S 81
1791.55	0.001	1791551	Stimulus	S 61
1793.816	0.001	1793817	Stimulus	S 10
1794.822	0.001	1794823	Stimulus	S 10
1795.827	0.001	1795828	Stimulus	S 10
1796.835	0.001	1796836	Stimulus	S 10
1797.847	0.001	1797848	Stimulus	S 10
1798.856	0.001	1798857	Stimulus	S 10
1799.864	0.001	1799865	Stimulus	S 10
1800.87	0.001	1800871	Stimulus	S 10
1801.88	0.001	1801881	Stimulus	S 10
1802.892	0.001	1802893	Stimulus	S 10
1803.9	0.001	1803901	Stimulus	S 10
1804.908	0.001	1804909	Stimulus	S 10
1805.918	0.001	1805919	Stimulus	S 10
1806.927	0.001	1806928	Stimulus	S 10
1807.938	0.001	1807939	Stimulus	S 10
1808.946	0.001	1808947	Stimulus	S 10
1809.952	0.001	1809953	Stimulus	S 10
1810.959	0.001	1810960	Stimulus	S 10
1811.964	0.001	1811965	Stimulus	S 10
1812.976	0.001	1812977	Stimulus	S 10
1813.988	0.001	1813989	Stimulus	S 10
1814.998	0.001	1814999	Stimulus	S 10
1816.006	0.001	1816007	Stimulus	S 10
1817.018	0.001	1817019	Stimulus	S 10
1818.025	0.001	1818026	Stimulus	S 30
1819.392	0.001	1819393	Stimulus	S 90
1820.375	0.001	1820376	Stimulus	S 70
1821.306	0.001	1821307	Stimulus	S 90
1822.25	0.001	1822251	Stimulus	S 70
1823.267	0.001	1823268	Stimulus	S 90
1824.228	0.001	1824229	Stimulus	S 90
1825.157	0.001	1825158	Stimulus	S 90
1826.054	0.001	1826055	Stimulus	S 70
1827.056	0.001	1827057	Stimulus	S 70
1828.083	0.001	1828084	Stimulus	S 90
1829.07	0.001	1829071	Stimulus	S 90
1830.089	0.001	1830090	Stimulus	S 90
1831.002	0.001	1831003	Stimulus	S 90
1831.947	0.001	1831948	Stimulus	S 70
1832.943	0.001	1832944	Stimulus	S 70
1833.937	0.001	1833938	Stimulus	S 90
1834.905	0.001	1834906	Stimulus	S 90
1835.891	0.001	1835892	Stimulus	S 70
1836.845	0.001	1836846	Stimulus	S 90
1837.75	0.001	1837751	Stimulus	S 70
1838.656	0.001	1838657	Stimulus	S 70
1839.661	0.001	1839662	Stimulus	S 70
1840.555	0.001	1840556	Stimulus	S 90
1841.515	0.001	1841516	Stimulus	S 70
1842.487	0.001	1842488	Stimulus	S 90
1843.503	0.001	1843504	Stimulus	S 90
1844.513	0.001	1844514	Stimulus	S 90
1845.441	0.001	1845442	Stimulus	S 90
1846.357	0.001	1846358	Stimulus	S 70
1847.495	0.001	1847496	Stimulus	S 70
1848.325	0.001	1848326	Stimulus	S110
1849.311	0.001	1849312	Stimulus	S 70
1850.159	0.001	1850160	Stimulus	S 90
1851.136	0.001	1851137	Stimulus	S 70
1852.066	0.001	1852067	Stimulus	S 90
1852.971	0.001	1852972	Stimulus	S 70
1853.931	0.001	1853932	Stimulus	S 70
1854.829	0.001	1854830	Stimulus	S 90
1855.846	0.001	1855847	Stimulus	S 70
1856.769	0.001	1856770	Stimulus	S 90
1857.737	0.001	1857738	Stimulus	S 70
1858.657	0.001	1858658	Stimulus	S 90
1859.657	0.001	1859658	Stimulus	S 70
1860.586	0.001	1860587	Stimulus	S 90
1861.488	0.001	1861489	Stimulus	S 70
1862.425	0.001	1862426	Stimulus	S 70
1863.434	0.001	1863435	Stimulus	S 70
1864.46	0.001	1864461	Stimulus	S 90
1865.414	0.001	1865415	Stimulus	S 90
1866.36	0.001	1866361	Stimulus	S 90
1867.363	0.001	1867364	Stimulus	S 70
1868.302	0.001	1868303	Stimulus	S 90
1869.225	0.001	1869226	Stimulus	S 70
1870.173	0.001	1870174	Stimulus	S 70
1871.166	0.001	1871167	Stimulus	S 90
1872.112	0.001	1872113	Stimulus	S 90
1873.106	0.001	1873107	Stimulus	S 70
1874.051	0.001	1874052	Stimulus	S 90
1875.069	0.001	1875070	Stimulus	S 70
1875.957	0.001	1875958	Stimulus	S 90
1876.934	0.001	1876935	Stimulus	S 70
1877.862	0.001	1877863	Stimulus	S 90
1878.822	0.001	1878823	Stimulus	S 70
1879.839	0.001	1879840	Stimulus	S 90
1880.745	0.001	1880746	Stimulus	S 90
1881.723	0.001	1881724	Stimulus	S 70
1882.614	0.001	1882615	Stimulus	S130
1883.608	0.001	1883609	Stimulus	S 70
1884.555	0.001	1884556	Stimulus	S 90
1885.606	0.001	1885607	Stimulus	S 70
1886.56	0.001	1886561	Stimulus	S 90
1887.539	0.001	1887540	Stimulus	S 70
1891.031	0.001	1891032	Stimulus	S  6
1891.642	0.001	1891643	Stimulus	S  6
1892.248	0.001	1892249	Stimulus	S  6
1892.857	0.001	1892858	Stimulus	S  6
1893.465	0.001	1893466	Stimulus	S  6
1894.073	0.001	1894074	Stimulus	S  6
1894.679	0.001	1894680	Stimulus	S  6
1895.281	0.001	1895282	Stimulus	S  6
1895.89	0.001	1895891	Stimulus	S  6
1896.499	0.001	1896500	Stimulus	S  6
1897.109	0.001	1897110	Stimulus	S  6
1897.718	0.001	1897719	Stimulus	S  6
1898.318	0.001	1898319	Stimulus	S  6
1898.926	0.001	1898927	Stimulus	S  6
1899.538	0.001	1899539	Stimulus	S  6
1900.145	0.001	1900146	Stimulus	S  6
1900.755	0.001	1900756	Stimulus	S  6
1901.366	0.001	1901367	Stimulus	S  6
1901.973	0.001	1901974	Stimulus	S  6
1902.585	0.001	1902586	Stimulus	S  6
1903.193	0.001	1903194	Stimulus	S  6
1903.8	0.001	1903801	Stimulus	S  6
1904.413	0.001	1904414	Stimulus	S  6
1905.02	0.001	1905021	Stimulus	S  6
1905.623	0.001	1905624	Stimulus	S 26
1905.992	0.001	1905993	Stimulus	S 86
1906.517	0.001	1906518	Stimulus	S106
1907.077	0.001	1907078	Stimulus	S 86
1907.589	0.001	1907590	Stimulus	S 86
1908.118	0.001	1908119	Stimulus	S 86
1908.64	0.001	1908641	Stimulus	S 86
1909.17	0.001	1909171	Stimulus	S 86
1909.636	0.001	1909637	Stimulus	S 86
1910.149	0.001	1910150	Stimulus	S 66
1910.646	0.001	1910647	Stimulus	S 66
1911.177	0.001	1911178	Stimulus	S 66
1911.697	0.001	1911698	Stimulus	S 86
1912.178	0.001	1912179	Stimulus	S 86
1912.683	0.001	1912684	Stimulus	S 66
1913.227	0.001	1913228	Stimulus	S 66
1913.724	0.001	1913725	Stimulus	S 86
1914.229	0.001	1914230	Stimulus	S 66
1914.757	0.001	1914758	Stimulus	S 66
1915.277	0.001	1915278	Stimulus	S 86
1915.743	0.001	1915744	Stimulus	S 86
1916.289	0.001	1916290	Stimulus	S 66
1916.804	0.001	1916805	Stimulus	S 86
1917.331	0.001	1917332	Stimulus	S 66
1917.819	0.001	1917820	Stimulus	S 86
1918.316	0.001	1918317	Stimulus	S 66
1918.838	0.001	1918839	Stimulus	S 66
1919.385	0.001	1919386	Stimulus	S 86
1919.898	0.001	1919899	Stimulus	S 86
1920.396	0.001	1920397	Stimulus	S 66
1920.925	0.001	1920926	Stimulus	S 66
1921.43	0.001	1921431	Stimulus	S 86
1921.953	0.001	1921954	Stimulus	S 66
1922.482	0.001	1922483	Stimulus	S 86
1923.027	0.001	1923028	Stimulus	S 86
1923.548	0.001	1923549	Stimulus	S 86
1924.056	0.001	1924057	Stimulus	S 66
1924.617	0.001	1924618	Stimulus	S 66
1925.146	0.001	1925147	Stimulus	S 86
1925.659	0.001	1925660	Stimulus	S 86
1926.164	0.001	1926165	Stimulus	S 66
1926.678	0.001	1926679	Stimulus	S 66
1927.175	0.001	1927176	Stimulus	S 86
1927.754	0.001	1927755	Stimulus	S 66
1928.299	0.001	1928300	Stimulus	S 86
1928.811	0.001	1928812	Stimulus	S 86
1929.355	0.001	1929356	Stimulus	S 66
1929.884	0.001	1929885	Stimulus	S 86
1930.374	0.001	1930375	Stimulus	S 86
1930.895	0.001	1930896	Stimulus	S 66
1931.41	0.001	1931411	Stimulus	S 66
1931.93	0.001	1931931	Stimulus	S 66
1932.434	0.001	1932435	Stimulus	S 86
1932.971	0.001	1932972	Stimulus	S 66
1933.476	0.001	1933477	Stimulus	S 86
1933.997	0.001	1933998	Stimulus	S 66
1934.583	0.001	1934584	Stimulus	S 86
1935.067	0.001	1935068	Stimulus	S 86
1935.581	0.001	1935582	Stimulus	S 66
1936.077	0.001	1936078	Stimulus	S 66
1936.501	0.001	1936502	Stimulus	S 66
1937.038	0.001	1937039	Stimulus	S 66
1937.561	0.001	1937562	Stimulus	S 86
1938.084	0.001	1938085	Stimulus	S 86
1938.581	0.001	1938582	Stimulus	S 86
1939.118	0.001	1939119	Stimulus	S 66
1939.607	0.001	1939608	Stimulus	S 86
1940.177	0.001	1940178	Stimulus	S 66
1940.666	0.001	1940667	Stimulus	S 86
1941.259	0.001	1941260	Stimulus	S 66
1941.756	0.001	1941757	Stimulus	S126
1941.94	0.001	1941941	Stimulus	S126
1942.561	0.001	1942562	Stimulus	S126
1947.005	0.001	1947006	Stimulus	S  2
1947.411	0.001	1947412	Stimulus	S  2
1947.814	0.001	1947815	Stimulus	S  2
1948.225	0.001	1948226	Stimulus	S  2
1948.634	0.001	1948635	Stimulus	S  2
1949.039	0.001	1949040	Stimulus	S  2
1949.451	0.001	1949452	Stimulus	S  2
1949.859	0.001	1949860	Stimulus	S  2
1950.27	0.001	1950271	Stimulus	S  2
1950.679	0.001	1950680	Stimulus	S  2
1951.087	0.001	1951088	Stimulus	S  2
1951.497	0.001	1951498	Stimulus	S  2
1951.907	0.001	1951908	Stimulus	S  2
1952.319	0.001	1952320	Stimulus	S  2
1952.729	0.001	1952730	Stimulus	S  2
1953.138	0.001	1953139	Stimulus	S  2
1953.548	0.001	1953549	Stimulus	S  2
1953.958	0.001	1953959	Stimulus	S  2
1954.369	0.001	1954370	Stimulus	S  2
1954.77	0.001	1954771	Stimulus	S  2
1955.196	0.001	1955197	Stimulus	S  2
1955.572	0.001	1955573	Stimulus	S  2
1955.979	0.001	1955980	Stimulus	S  2
1956.391	0.001	1956392	Stimulus	S  2
1956.794	0.001	1956795	Stimulus	S 22
1957.145	0.001	1957146	Stimulus	S 82
1957.571	0.001	1957572	Stimulus	S102
1957.907	0.001	1957908	Stimulus	S 82
1958.324	0.001	1958325	Stimulus	S 62
1958.74	0.001	1958741	Stimulus	S 82
1959.133	0.001	1959134	Stimulus	S 82
1959.535	0.001	1959536	Stimulus	S 62
1959.887	0.001	1959888	Stimulus	S 82
1960.337	0.001	1960338	Stimulus	S 62
1960.738	0.001	1960739	Stimulus	S102
1961.138	0.001	1961139	Stimulus	S 82
1961.49	0.001	1961491	Stimulus	S 82
1961.947	0.001	1961948	Stimulus	S 62
1962.365	0.001	1962366	Stimulus	S102
1962.782	0.001	1962783	Stimulus	S 82
1963.161	0.001	1963162	Stimulus	S 82
1963.609	0.001	1963610	Stimulus	S 62
1964.026	0.001	1964027	Stimulus	S102
1964.402	0.001	1964403	Stimulus	S 82
1964.787	0.001	1964788	Stimulus	S 62
1965.204	0.001	1965205	Stimulus	S 82
1965.63	0.001	1965631	Stimulus	S 82
1966.017	0.001	1966018	Stimulus	S102
1966.411	0.001	1966412	Stimulus	S 62
1966.836	0.001	1966837	Stimulus	S 82
1967.23	0.001	1967231	Stimulus	S 82
1967.622	0.001	1967623	Stimulus	S 62
1967.994	0.001	1967995	Stimulus	S 82
1968.428	0.001	1968429	Stimulus	S 62
1968.838	0.001	1968839	Stimulus	S102
1969.263	0.001	1969264	Stimulus	S 82
1969.633	0.001	1969634	Stimulus	S 82
1970.076	0.001	1970077	Stimulus	S 62
1970.477	0.001	1970478	Stimulus	S102
1970.886	0.001	1970887	Stimulus	S 82
1971.274	0.001	1971275	Stimulus	S 82
1971.731	0.001	1971732	Stimulus	S 62
1972.124	0.001	1972125	Stimulus	S102
1972.511	0.001	1972512	Stimulus	S 82
1972.929	0.001	1972930	Stimulus	S 62
1973.37	0.001	1973371	Stimulus	S 82
1973.725	0.001	1973726	Stimulus	S102
1974.129	0.001	1974130	Stimulus	S 62
1974.515	0.001	1974516	Stimulus	S 82
1974.916	0.001	1974917	Stimulus	S 82
1975.326	0.001	1975327	Stimulus	S 82
1975.702	0.001	1975703	Stimulus	S 82
1976.08	0.001	1976081	Stimulus	S 62
1976.498	0.001	1976499	Stimulus	S 62
1976.931	0.001	1976932	Stimulus	S 82
1977.332	0.001	1977333	Stimulus	S102
1977.748	0.001	1977749	Stimulus	S 82
1978.173	0.001	1978174	Stimulus	S 82
1978.554	0.001	1978555	Stimulus	S102
1978.979	0.001	1978980	Stimulus	S 62
1979.403	0.001	1979404	Stimulus	S 82
1979.803	0.001	1979804	Stimulus	S102
1980.245	0.001	1980246	Stimulus	S 82
1980.67	0.001	1980671	Stimulus	S102
1981.087	0.001	1981088	Stimulus	S 82
1981.507	0.001	1981508	Stimulus	S 82
1981.878	0.001	1981879	Stimulus	S102
1982.327	0.001	1982328	Stimulus	S 62
1982.731	0.001	1982732	Stimulus	S102
1983.14	0.001	1983141	Stimulus	S 82
1983.559	0.001	1983560	Stimulus	S 82
1984.066	0.001	1984067	Stimulus	S102
1984.491	0.001	1984492	Stimulus	S102
1984.972	0.001	1984973	Stimulus	S 82
1985.381	0.001	1985382	Stimulus	S102
1985.734	0.001	1985735	Stimulus	S 82
1986.143	0.001	1986144	Stimulus	S 62
